<?xml version="1.0" encoding="UTF-8" standalone="yes"?>
<ComponentSpec isProfile="true" CMDVersion="1.2" CMDOriginalVersion="1.2" xsi:noNamespaceSchemaLocation="https://infra.clarin.eu/CMDI/1.x/xsd/cmd-component.xsd" xmlns:xsi="http://www.w3.org/2001/XMLSchema-instance">
    <Header>
        <ID>clarin.eu:cr1:p_1721373443933</ID>
        <Name>Adoptie</Name>
        <Description>Profiel voor het adoptie project</Description>
        <Status>development</Status>
    </Header>
    <Component name="Adoptie" CardinalityMin="1" CardinalityMax="1">
        <Element name="IDnummer" ValueScheme="string" CardinalityMin="1" CardinalityMax="1" cue:DisplayPriority="1" xmlns:cue="http://www.clarin.eu/cmd/cues/1"/>
        <Component name="AdoptieKind" CardinalityMin="0" CardinalityMax="1">
            <Element name="geslacht" ConceptLink="https://schema.org/GenderType" CardinalityMin="0" CardinalityMax="1" cue:DisplayPriority="1" xmlns:cue="http://www.clarin.eu/cmd/cues/1">
                <ValueScheme>
                    <Vocabulary>
                        <enumeration>
                            <item ConceptLink="https://schema.org/Male">mannelijk</item>
                            <item ConceptLink="https://schema.org/Female" AppInfo="">vrouwelijk</item>
                            <item>anders</item>
                        </enumeration>
                    </Vocabulary>
                </ValueScheme>
            </Element>
            <Element name="geboortePeriode" CardinalityMin="0" CardinalityMax="1">
                <ValueScheme>
                    <Vocabulary>
                        <enumeration>
                            <item ConceptLink="" AppInfo="">1900-1904</item>
                            <item ConceptLink="" AppInfo="">1905-1909</item>
                            <item ConceptLink="" AppInfo="">1910-1914</item>
                            <item ConceptLink="" AppInfo="">1915-1919</item>
                            <item ConceptLink="" AppInfo="">1920-1924</item>
                            <item ConceptLink="" AppInfo="">1925-1929</item>
                            <item ConceptLink="" AppInfo="">1930-1934</item>
                            <item ConceptLink="" AppInfo="">1935-1939</item>
                            <item ConceptLink="" AppInfo="">1940-1944</item>
                            <item ConceptLink="" AppInfo="">1945-1949</item>
                            <item ConceptLink="" AppInfo="">1950-1954</item>
                            <item ConceptLink="" AppInfo="">1955-1959</item>
                            <item ConceptLink="" AppInfo="">1960-1964</item>
                            <item ConceptLink="" AppInfo="">1965-1969</item>
                            <item ConceptLink="" AppInfo="">1970-1974</item>
                            <item ConceptLink="" AppInfo="">1975-1979</item>
                            <item ConceptLink="" AppInfo="">1980-1984</item>
                            <item ConceptLink="" AppInfo="">1985-1989</item>
                            <item ConceptLink="" AppInfo="">1990-1994</item>
                            <item ConceptLink="" AppInfo="">1995-1999</item>
                        </enumeration>
                    </Vocabulary>
                </ValueScheme>
            </Element>
            <Element name="geboorteProvincie" CardinalityMin="0" CardinalityMax="1">
                <ValueScheme>
                    <Vocabulary>
                        <enumeration>
                            <item ConceptLink="https://www.wikidata.org/wiki/Q752" AppInfo="">Groningen</item>
                            <item ConceptLink="https://www.wikidata.org/wiki/Q770" AppInfo="">Friesland</item>
                            <item ConceptLink="https://www.wikidata.org/wiki/Q772" AppInfo="">Drenthe</item>
                            <item ConceptLink="https://www.wikidata.org/wiki/Q773" AppInfo="">Overijssel</item>
                            <item ConceptLink="https://www.wikidata.org/wiki/Q775" AppInfo="">Gelderland</item>
                            <item ConceptLink="https://www.wikidata.org/wiki/Q1093" AppInfo="">Limburg</item>
                            <item ConceptLink="https://www.wikidata.org/wiki/Q1101" AppInfo="">Noord-Brabant</item>
                            <item ConceptLink="https://www.wikidata.org/wiki/Q705" AppInfo="">Zeeland</item>
                            <item ConceptLink="https://www.wikidata.org/wiki/Q694" AppInfo="">Zuid-Holland</item>
                            <item ConceptLink="https://www.wikidata.org/wiki/Q701" AppInfo="">Noord-Holland</item>
                            <item ConceptLink="https://www.wikidata.org/wiki/Q803" AppInfo="">Utrecht</item>
                            <item ConceptLink="https://www.wikidata.org/wiki/Q707" AppInfo="">Flevoland</item>
                            <item ConceptLink="" AppInfo="">Elders</item>
                        </enumeration>
                    </Vocabulary>
                </ValueScheme>
            </Element>
        </Component>
        <Component name="BiologischeOfAfstandsMoeder" CardinalityMin="0" CardinalityMax="1">
            <Element name="geboortePeriodeBiologischeMoeder" CardinalityMin="0" CardinalityMax="1" cue:DisplayPriority="1" xmlns:cue="http://www.clarin.eu/cmd/cues/1">
                <ValueScheme>
                    <Vocabulary>
                        <enumeration>
                            <item ConceptLink="" AppInfo="">1860-1864</item>
                            <item ConceptLink="" AppInfo="">1865-1869</item>
                            <item ConceptLink="" AppInfo="">1870-1874</item>
                            <item ConceptLink="" AppInfo="">1875-1879</item>
                            <item ConceptLink="" AppInfo="">1880-1884</item>
                            <item ConceptLink="" AppInfo="">1865-1889</item>
                            <item ConceptLink="" AppInfo="">1890-1894</item>
                            <item ConceptLink="" AppInfo="">1895-1899</item>
                            <item ConceptLink="" AppInfo="">1900-1904</item>
                            <item ConceptLink="" AppInfo="">1905-1909</item>
                            <item ConceptLink="" AppInfo="">1910-1914</item>
                            <item ConceptLink="" AppInfo="">1915-1919</item>
                            <item ConceptLink="" AppInfo="">1920-1924</item>
                            <item ConceptLink="" AppInfo="">1925-1929</item>
                            <item ConceptLink="" AppInfo="">1930-1934</item>
                            <item ConceptLink="" AppInfo="">1935-1939</item>
                            <item ConceptLink="" AppInfo="">1940-1944</item>
                            <item ConceptLink="" AppInfo="">1945-1949</item>
                            <item ConceptLink="" AppInfo="">1950-1954</item>
                            <item ConceptLink="" AppInfo="">1955-1959</item>
                            <item ConceptLink="" AppInfo="">1960-1964</item>
                            <item ConceptLink="" AppInfo="">1965-1969</item>
                            <item ConceptLink="" AppInfo="">1970-1974</item>
                            <item ConceptLink="" AppInfo="">1975-1979</item>
                        </enumeration>
                    </Vocabulary>
                </ValueScheme>
            </Element>
            <Element name="provincieWaarMoederWoonachtigIsVoorEventueelVertrekDoorgangshuisOfGastGezin" CardinalityMin="0" CardinalityMax="1">
                <ValueScheme>
                    <Vocabulary>
                        <enumeration>
                            <item ConceptLink="https://www.wikidata.org/wiki/Q752" AppInfo="">Groningen</item>
                            <item ConceptLink="https://www.wikidata.org/wiki/Q770" AppInfo="">Friesland</item>
                            <item ConceptLink="https://www.wikidata.org/wiki/Q772" AppInfo="">Drenthe</item>
                            <item ConceptLink="https://www.wikidata.org/wiki/Q773" AppInfo="">Overijssel</item>
                            <item ConceptLink="https://www.wikidata.org/wiki/Q775" AppInfo="">Gelderland</item>
                            <item ConceptLink="https://www.wikidata.org/wiki/Q1093" AppInfo="">Limburg</item>
                            <item ConceptLink="https://www.wikidata.org/wiki/Q1101" AppInfo="">Noord-Brabant</item>
                            <item ConceptLink="https://www.wikidata.org/wiki/Q705" AppInfo="">Zeeland</item>
                            <item ConceptLink="https://www.wikidata.org/wiki/Q694" AppInfo="">Zuid-Holland</item>
                            <item ConceptLink="https://www.wikidata.org/wiki/Q701" AppInfo="">Noord-Holland</item>
                            <item ConceptLink="https://www.wikidata.org/wiki/Q803" AppInfo="">Utrecht</item>
                            <item ConceptLink="https://www.wikidata.org/wiki/Q707" AppInfo="">Flevoland</item>
                            <item ConceptLink="" AppInfo="">Elders</item>
                        </enumeration>
                    </Vocabulary>
                </ValueScheme>
            </Element>
            <Element name="isBiologischeMoederMeederjarig-21JaarEnOuder" ValueScheme="boolean" CardinalityMin="0" CardinalityMax="1"/>
            <Element name="huwelijkseStaatBiologischeMoederOpMomentVanBevalling" CardinalityMin="0" CardinalityMax="1">
                <ValueScheme>
                    <Vocabulary>
                        <enumeration>
                            <item ConceptLink="" AppInfo="">ongehuwd</item>
                            <item ConceptLink="" AppInfo="">gehuwd</item>
                            <item ConceptLink="" AppInfo="">gescheiden</item>
                            <item ConceptLink="" AppInfo="">verweduwd</item>
                            <item ConceptLink="" AppInfo="">onbekend, niet gegeven</item>
                        </enumeration>
                    </Vocabulary>
                </ValueScheme>
            </Element>
            <Element name="huwelijkseStaatBiologischeMoederOpMomentVanAdoptie" CardinalityMin="0" CardinalityMax="1">
                <ValueScheme>
                    <Vocabulary>
                        <enumeration>
                            <item ConceptLink="" AppInfo="">ongehuwd</item>
                            <item ConceptLink="" AppInfo="">gehuwd</item>
                            <item ConceptLink="" AppInfo="">gescheiden</item>
                            <item ConceptLink="" AppInfo="">verweduwd</item>
                            <item ConceptLink="" AppInfo="">onbekend, niet gegeven</item>
                        </enumeration>
                    </Vocabulary>
                </ValueScheme>
            </Element>
            <Element name="godsdienstBiologischeMoeder" ValueScheme="string" CardinalityMin="0" CardinalityMax="1"/>
            <Element name="beroepBiologischeMoeder" ValueScheme="string" CardinalityMin="0" CardinalityMax="1"/>
            <Element name="genotenOnderwijsBiologischeMoeder" ValueScheme="string" CardinalityMin="0" CardinalityMax="1"/>
            <Element name="beroepVaderVanDeBiologischeMoeder" ValueScheme="string" CardinalityMin="0" CardinalityMax="1"/>
            <Element name="beroepMoederVanDeBiologischeMoeder" ValueScheme="string" CardinalityMin="0" CardinalityMax="1"/>
            <Element name="beschijfGezinsSituatieBiologischeMoederVoorDanWelTijdensDeZwangerschap" ValueScheme="string" CardinalityMin="0" CardinalityMax="1"/>
            <Element name="beschrijfGezinssituatieBiologischeMoederNaDeBevalling" ValueScheme="string" CardinalityMin="0" CardinalityMax="1"/>
            <Component name="LichtVerstandelijkeBeperkingOfPsychologischeAandoeningMoederComp" CardinalityMin="0" CardinalityMax="1">
                <Element name="beperkingOfAandoeningMoeder" ValueScheme="string" CardinalityMin="0" CardinalityMax="1" cue:DisplayPriority="1" xmlns:cue="http://www.clarin.eu/cmd/cues/1"/>
            </Component>
        </Component>
        <Component name="GegevensBiologischeVaderOfVerwekker" CardinalityMin="0" CardinalityMax="1">
            <Element name="isDeVerwekkerBekend" ValueScheme="boolean" CardinalityMin="0" CardinalityMax="1" cue:DisplayPriority="1" xmlns:cue="http://www.clarin.eu/cmd/cues/1"/>
            <Element name="aardSeksueleRelatieBiologischeMoederEnVerwekker" CardinalityMin="0" CardinalityMax="1">
                <ValueScheme>
                    <Vocabulary>
                        <enumeration>
                            <item ConceptLink="" AppInfo="">concensueel (bv. 'vriendje', 'vakantieliefde')</item>
                            <item ConceptLink="" AppInfo="">niet-concensueel (incest)</item>
                            <item ConceptLink="" AppInfo="">niet-concensueel (verkrachting)</item>
                            <item>onduidelijk</item>
                        </enumeration>
                    </Vocabulary>
                </ValueScheme>
            </Element>
            <Element name="sprakeVanFamilieRelatieTussenBiologischeMoederEnVerwekker" ValueScheme="boolean" CardinalityMin="0" CardinalityMax="1"/>
            <Element name="beschrijfRelatieTussenBiologischeMoederEnVerwekker" ValueScheme="string" CardinalityMin="0" CardinalityMax="1"/>
            <Element name="welkeAanvullendeInformatieVindenWeOverDeVerwekker" ValueScheme="string" CardinalityMin="0" CardinalityMax="1"/>
            <Element name="welkeInformatieVindenWeOverDeOudersVanDeVerwekker" ValueScheme="string" CardinalityMin="0" CardinalityMax="1"/>
            <Element name="isErSprakeVanPogingTotVaderschapsActie" ValueScheme="boolean" CardinalityMin="0" CardinalityMax="1"/>
        </Component>
        <Component name="ZwangerschapEnBevalling" CardinalityMin="0" CardinalityMax="1">
            <Element name="informatiePeriodeZwangerschap" ValueScheme="string" CardinalityMin="0" CardinalityMax="1" cue:DisplayPriority="1" xmlns:cue="http://www.clarin.eu/cmd/cues/1"/>
            <Component name="VerblijfDoorgangshuisBoolean" CardinalityMin="0" CardinalityMax="1">
                <Element name="verblijfDoorgangshuisProvincie" CardinalityMin="0" CardinalityMax="1" cue:DisplayPriority="1" xmlns:cue="http://www.clarin.eu/cmd/cues/1">
                    <ValueScheme>
                        <Vocabulary>
                            <enumeration>
                                <item ConceptLink="https://www.wikidata.org/wiki/Q752" AppInfo="">Groningen</item>
                                <item ConceptLink="https://www.wikidata.org/wiki/Q770" AppInfo="">Friesland</item>
                                <item ConceptLink="https://www.wikidata.org/wiki/Q772" AppInfo="">Drenthe</item>
                                <item ConceptLink="https://www.wikidata.org/wiki/Q773" AppInfo="">Overijssel</item>
                                <item ConceptLink="https://www.wikidata.org/wiki/Q775" AppInfo="">Gelderland</item>
                                <item ConceptLink="https://www.wikidata.org/wiki/Q1093" AppInfo="">Limburg</item>
                                <item ConceptLink="https://www.wikidata.org/wiki/Q1101" AppInfo="">Noord-Brabant</item>
                                <item ConceptLink="https://www.wikidata.org/wiki/Q705" AppInfo="">Zeeland</item>
                                <item ConceptLink="https://www.wikidata.org/wiki/Q694" AppInfo="">Zuid-Holland</item>
                                <item ConceptLink="https://www.wikidata.org/wiki/Q701" AppInfo="">Noord-Holland</item>
                                <item ConceptLink="https://www.wikidata.org/wiki/Q803" AppInfo="">Utrecht</item>
                                <item ConceptLink="https://www.wikidata.org/wiki/Q707" AppInfo="">Flevoland</item>
                                <item ConceptLink="" AppInfo="">Elders</item>
                            </enumeration>
                        </Vocabulary>
                    </ValueScheme>
                </Element>
                <Element name="signatuurDoorgangshuis" CardinalityMin="0" CardinalityMax="1">
                    <ValueScheme>
                        <Vocabulary>
                            <enumeration>
                                <item AppInfo="">protestants</item>
                                <item>katholiek</item>
                                <item>neutraal</item>
                            </enumeration>
                        </Vocabulary>
                    </ValueScheme>
                </Element>
                <Element name="informatiePeriodeDoorgangshuis" ValueScheme="string" CardinalityMin="0" CardinalityMax="1"/>
            </Component>
            <Component name="GastGezinBoolean" CardinalityMin="0" CardinalityMax="1">
                <Element name="provincieGastgezin" CardinalityMin="0" CardinalityMax="1" cue:DisplayPriority="1" xmlns:cue="http://www.clarin.eu/cmd/cues/1">
                    <ValueScheme>
                        <Vocabulary>
                            <enumeration>
                                <item ConceptLink="https://www.wikidata.org/wiki/Q752" AppInfo="">Groningen</item>
                                <item ConceptLink="https://www.wikidata.org/wiki/Q770" AppInfo="">Friesland</item>
                                <item ConceptLink="https://www.wikidata.org/wiki/Q772" AppInfo="">Drenthe</item>
                                <item ConceptLink="https://www.wikidata.org/wiki/Q773" AppInfo="">Overijssel</item>
                                <item ConceptLink="https://www.wikidata.org/wiki/Q775" AppInfo="">Gelderland</item>
                                <item ConceptLink="https://www.wikidata.org/wiki/Q1093" AppInfo="">Limburg</item>
                                <item ConceptLink="https://www.wikidata.org/wiki/Q1101" AppInfo="">Noord-Brabant</item>
                                <item ConceptLink="https://www.wikidata.org/wiki/Q705" AppInfo="">Zeeland</item>
                                <item ConceptLink="https://www.wikidata.org/wiki/Q694" AppInfo="">Zuid-Holland</item>
                                <item ConceptLink="https://www.wikidata.org/wiki/Q701" AppInfo="">Noord-Holland</item>
                                <item ConceptLink="https://www.wikidata.org/wiki/Q803" AppInfo="">Utrecht</item>
                                <item ConceptLink="https://www.wikidata.org/wiki/Q707" AppInfo="">Flevoland</item>
                                <item ConceptLink="" AppInfo="">Elders</item>
                            </enumeration>
                        </Vocabulary>
                    </ValueScheme>
                </Element>
                <Element name="informatieVerblijfGastgezin" ValueScheme="string" CardinalityMin="0" CardinalityMax="1"/>
                <Element name="informatieGastgezinBevalling" ValueScheme="string" CardinalityMin="0" CardinalityMax="1"/>
            </Component>
        </Component>
        <Component name="NaBevalling" CardinalityMin="0" CardinalityMax="1">
            <Element name="verblijftInKindertehuis" ValueScheme="boolean" CardinalityMin="0" CardinalityMax="1" cue:DisplayPriority="1" xmlns:cue="http://www.clarin.eu/cmd/cues/1"/>
            <Element name="provincieKindertehuis" CardinalityMin="0" CardinalityMax="1">
                <ValueScheme>
                    <Vocabulary>
                        <enumeration>
                            <item ConceptLink="https://www.wikidata.org/wiki/Q752" AppInfo="">Groningen</item>
                            <item ConceptLink="https://www.wikidata.org/wiki/Q770" AppInfo="">Friesland</item>
                            <item ConceptLink="https://www.wikidata.org/wiki/Q772" AppInfo="">Drenthe</item>
                            <item ConceptLink="https://www.wikidata.org/wiki/Q773" AppInfo="">Overijssel</item>
                            <item ConceptLink="https://www.wikidata.org/wiki/Q775" AppInfo="">Gelderland</item>
                            <item ConceptLink="https://www.wikidata.org/wiki/Q1093" AppInfo="">Limburg</item>
                            <item ConceptLink="https://www.wikidata.org/wiki/Q1101" AppInfo="">Noord-Brabant</item>
                            <item ConceptLink="https://www.wikidata.org/wiki/Q705" AppInfo="">Zeeland</item>
                            <item ConceptLink="https://www.wikidata.org/wiki/Q694" AppInfo="">Zuid-Holland</item>
                            <item ConceptLink="https://www.wikidata.org/wiki/Q701" AppInfo="">Noord-Holland</item>
                            <item ConceptLink="https://www.wikidata.org/wiki/Q803" AppInfo="">Utrecht</item>
                            <item ConceptLink="https://www.wikidata.org/wiki/Q707" AppInfo="">Flevoland</item>
                            <item ConceptLink="" AppInfo="">Elders</item>
                        </enumeration>
                    </Vocabulary>
                </ValueScheme>
            </Element>
            <Element name="informatieKindertehuis" ValueScheme="string" CardinalityMin="0" CardinalityMax="1"/>
            <Element name="beperkingOfAnderStoornisKindertehuis" ValueScheme="boolean" CardinalityMin="0" CardinalityMax="1"/>
        </Component>
        <Component name="Afstand" CardinalityMin="0" CardinalityMax="1">
            <Element name="redenAfstandAdoptieMoeder" ValueScheme="string" CardinalityMin="0" CardinalityMax="1" cue:DisplayPriority="1" xmlns:cue="http://www.clarin.eu/cmd/cues/1"/>
            <Element name="redenAfstandAdoptieOudersMoeder" ValueScheme="string" CardinalityMin="0" CardinalityMax="1"/>
            <Element name="redenAfstandAdoptieAndereActoren" ValueScheme="string" CardinalityMin="0" CardinalityMax="1"/>
            <Element name="contactMoederKind" ValueScheme="string" CardinalityMin="0" CardinalityMax="1"/>
            <Element name="plaatsingsWensen" ValueScheme="string" CardinalityMin="0" CardinalityMax="1"/>
            <Element name="begeleidendeInstantiesPersonen" ValueScheme="string" CardinalityMin="0" CardinalityMax="1"/>
            <Component name="AfstandsverklaringBoolean" CardinalityMin="0" CardinalityMax="1">
                <Element name="tekstAfstandsverklaring" ValueScheme="string" CardinalityMin="0" CardinalityMax="1" cue:DisplayPriority="1" xmlns:cue="http://www.clarin.eu/cmd/cues/1"/>
            </Component>
        </Component>
        <Component name="Adoptie" CardinalityMin="0" CardinalityMax="1">
            <Element name="periodePlaatsingPleeggezin" CardinalityMin="0" CardinalityMax="1" cue:DisplayPriority="1" xmlns:cue="http://www.clarin.eu/cmd/cues/1">
                <ValueScheme>
                    <Vocabulary>
                        <enumeration>
                            <item ConceptLink="" AppInfo="">1900-1904</item>
                            <item ConceptLink="" AppInfo="">1905-1909</item>
                            <item ConceptLink="" AppInfo="">1910-1914</item>
                            <item ConceptLink="" AppInfo="">1915-1919</item>
                            <item ConceptLink="" AppInfo="">1920-1924</item>
                            <item ConceptLink="" AppInfo="">1925-1929</item>
                            <item ConceptLink="" AppInfo="">1930-1934</item>
                            <item ConceptLink="" AppInfo="">1935-1939</item>
                            <item ConceptLink="" AppInfo="">1940-1944</item>
                            <item ConceptLink="" AppInfo="">1945-1949</item>
                            <item ConceptLink="" AppInfo="">1950-1954</item>
                            <item ConceptLink="" AppInfo="">1955-1959</item>
                            <item ConceptLink="" AppInfo="">1960-1964</item>
                            <item ConceptLink="" AppInfo="">1965-1969</item>
                            <item ConceptLink="" AppInfo="">1970-1974</item>
                            <item ConceptLink="" AppInfo="">1975-1979</item>
                            <item ConceptLink="" AppInfo="">1980-1984</item>
                            <item ConceptLink="" AppInfo="">1985-1989</item>
                            <item ConceptLink="" AppInfo="">1990-1994</item>
                            <item ConceptLink="" AppInfo="">1995-1999</item>
                        </enumeration>
                    </Vocabulary>
                </ValueScheme>
            </Element>
            <Element name="periodeAdoptieVerzoek" CardinalityMin="0" CardinalityMax="1">
                <ValueScheme>
                    <Vocabulary>
                        <enumeration>
                            <item ConceptLink="" AppInfo="">1900-1904</item>
                            <item ConceptLink="" AppInfo="">1905-1909</item>
                            <item ConceptLink="" AppInfo="">1910-1914</item>
                            <item ConceptLink="" AppInfo="">1915-1919</item>
                            <item ConceptLink="" AppInfo="">1920-1924</item>
                            <item ConceptLink="" AppInfo="">1925-1929</item>
                            <item ConceptLink="" AppInfo="">1930-1934</item>
                            <item ConceptLink="" AppInfo="">1935-1939</item>
                            <item ConceptLink="" AppInfo="">1940-1944</item>
                            <item ConceptLink="" AppInfo="">1945-1949</item>
                            <item ConceptLink="" AppInfo="">1950-1954</item>
                            <item ConceptLink="" AppInfo="">1955-1959</item>
                            <item ConceptLink="" AppInfo="">1960-1964</item>
                            <item ConceptLink="" AppInfo="">1965-1969</item>
                            <item ConceptLink="" AppInfo="">1970-1974</item>
                            <item ConceptLink="" AppInfo="">1975-1979</item>
                            <item ConceptLink="" AppInfo="">1980-1984</item>
                            <item ConceptLink="" AppInfo="">1985-1989</item>
                            <item ConceptLink="" AppInfo="">1990-1994</item>
                            <item ConceptLink="" AppInfo="">1995-1999</item>
                        </enumeration>
                    </Vocabulary>
                </ValueScheme>
            </Element>
            <Element name="periodeAdoptieToewijzing" CardinalityMin="0" CardinalityMax="1">
                <ValueScheme>
                    <Vocabulary>
                        <enumeration>
                            <item ConceptLink="" AppInfo="">1900-1904</item>
                            <item ConceptLink="" AppInfo="">1905-1909</item>
                            <item ConceptLink="" AppInfo="">1910-1914</item>
                            <item ConceptLink="" AppInfo="">1915-1919</item>
                            <item ConceptLink="" AppInfo="">1920-1924</item>
                            <item ConceptLink="" AppInfo="">1925-1929</item>
                            <item ConceptLink="" AppInfo="">1930-1934</item>
                            <item ConceptLink="" AppInfo="">1935-1939</item>
                            <item ConceptLink="" AppInfo="">1940-1944</item>
                            <item ConceptLink="" AppInfo="">1945-1949</item>
                            <item ConceptLink="" AppInfo="">1950-1954</item>
                            <item ConceptLink="" AppInfo="">1955-1959</item>
                            <item ConceptLink="" AppInfo="">1960-1964</item>
                            <item ConceptLink="" AppInfo="">1965-1969</item>
                            <item ConceptLink="" AppInfo="">1970-1974</item>
                            <item ConceptLink="" AppInfo="">1975-1979</item>
                            <item ConceptLink="" AppInfo="">1980-1984</item>
                            <item ConceptLink="" AppInfo="">1985-1989</item>
                            <item ConceptLink="" AppInfo="">1990-1994</item>
                            <item ConceptLink="" AppInfo="">1995-1999</item>
                        </enumeration>
                    </Vocabulary>
                </ValueScheme>
            </Element>
            <Element name="deltaVerzoekToewijzing" CardinalityMin="0" CardinalityMax="1">
                <ValueScheme>
                    <Vocabulary>
                        <enumeration>
                            <item>&lt;1 jaar</item>
                            <item>ca. 1 jaar</item>
                            <item>ca. 2 jaar</item>
                            <item>ca. 3 jaar</item>
                            <item>&gt;3 jaar</item>
                        </enumeration>
                    </Vocabulary>
                </ValueScheme>
            </Element>
            <Element name="woonProvinciePleegAdoptieOuders" CardinalityMin="0" CardinalityMax="1">
                <ValueScheme>
                    <Vocabulary>
                        <enumeration>
                            <item ConceptLink="https://www.wikidata.org/wiki/Q752" AppInfo="">Groningen</item>
                            <item ConceptLink="https://www.wikidata.org/wiki/Q770" AppInfo="">Friesland</item>
                            <item ConceptLink="https://www.wikidata.org/wiki/Q772" AppInfo="">Drenthe</item>
                            <item ConceptLink="https://www.wikidata.org/wiki/Q773" AppInfo="">Overijssel</item>
                            <item ConceptLink="https://www.wikidata.org/wiki/Q775" AppInfo="">Gelderland</item>
                            <item ConceptLink="https://www.wikidata.org/wiki/Q1093" AppInfo="">Limburg</item>
                            <item ConceptLink="https://www.wikidata.org/wiki/Q1101" AppInfo="">Noord-Brabant</item>
                            <item ConceptLink="https://www.wikidata.org/wiki/Q705" AppInfo="">Zeeland</item>
                            <item ConceptLink="https://www.wikidata.org/wiki/Q694" AppInfo="">Zuid-Holland</item>
                            <item ConceptLink="https://www.wikidata.org/wiki/Q701" AppInfo="">Noord-Holland</item>
                            <item ConceptLink="https://www.wikidata.org/wiki/Q803" AppInfo="">Utrecht</item>
                            <item ConceptLink="https://www.wikidata.org/wiki/Q707" AppInfo="">Flevoland</item>
                            <item ConceptLink="" AppInfo="">Elders</item>
                        </enumeration>
                    </Vocabulary>
                </ValueScheme>
            </Element>
            <Element name="leeftijdKindPlaatsing" ValueScheme="int" CardinalityMin="0" CardinalityMax="1"/>
            <Element name="leeftijdKindAdoptieVerzoek" ValueScheme="int" CardinalityMin="0" CardinalityMax="1"/>
            <Element name="beroepPleegvader" ValueScheme="string" CardinalityMin="0" CardinalityMax="1"/>
            <Element name="beroepPleegMoeder" ValueScheme="string" CardinalityMin="0" CardinalityMax="1"/>
            <Element name="religiePleegOuders" ValueScheme="string" CardinalityMin="0" CardinalityMax="1"/>
            <Element name="rapportagePlaatsing" ValueScheme="string" CardinalityMin="0" CardinalityMax="1"/>
            <Element name="heeftPleeggezinKinderen" ValueScheme="boolean" CardinalityMin="0" CardinalityMax="1"/>
            <Element name="motivatieAdoptiePleegouders" ValueScheme="string" CardinalityMin="0" CardinalityMax="1"/>
            <Element name="rapportageToewijzing" ValueScheme="string" CardinalityMin="0" CardinalityMax="1"/>
            <Element name="begeleidendeInstantiesIndividuen" ValueScheme="string" CardinalityMin="0" CardinalityMax="1"/>
            <Component name="InformatieDerdenBoolean" CardinalityMin="0" CardinalityMax="1">
                <Element name="informatieDerdenString" ValueScheme="string" CardinalityMin="0" CardinalityMax="1" cue:DisplayPriority="1" xmlns:cue="http://www.clarin.eu/cmd/cues/1"/>
            </Component>
            <Component name="AdviesAdoptieRaadBoolean" CardinalityMin="0" CardinalityMax="1">
                <Element name="adviesAdoptieRaadString" ValueScheme="string" CardinalityMin="0" CardinalityMax="1" cue:DisplayPriority="1" xmlns:cue="http://www.clarin.eu/cmd/cues/1"/>
            </Component>
            <Component name="FinancieleInformatieBoolean" CardinalityMin="0" CardinalityMax="1">
                <Element name="informatieFinancieleInformatie" ValueScheme="string" CardinalityMin="0" CardinalityMax="1" cue:DisplayPriority="1" xmlns:cue="http://www.clarin.eu/cmd/cues/1"/>
            </Component>
        </Component>
        <Component name="Overig" CardinalityMin="1" CardinalityMax="1">
            <Element name="typenDocumenten" ValueScheme="string" CardinalityMin="0" CardinalityMax="1" cue:DisplayPriority="1" xmlns:cue="http://www.clarin.eu/cmd/cues/1"/>
            <Element name="opvallendeZaken" ValueScheme="string" CardinalityMin="0" CardinalityMax="1"/>
            <Component name="LaterVerzoekInformatieBoolean" CardinalityMin="0" CardinalityMax="1">
                <Element name="laterVerzoekInformatieString" ValueScheme="string" CardinalityMin="0" CardinalityMax="1" cue:DisplayPriority="1" xmlns:cue="http://www.clarin.eu/cmd/cues/1"/>
            </Component>
        </Component>
    </Component>
</ComponentSpec>
