<?xml version="1.0" encoding="UTF-8"?><cmd:CMD xmlns:clariah="http://www.clariah.eu/" xmlns:cmd="http://www.clarin.eu/cmd/" xmlns:js="http://www.w3.org/2005/xpath-functions" xmlns:xsi="http://www.w3.org/2001/XMLSchema-instance" xsi:schemaLocation="http://www.clarin.eu/cmd/ http://catalog.clarin.eu/ds/ComponentRegistry/rest/registry/profiles/clarin.eu:cr1:p_1708423613599/xsd" CMDVersion="1.1"><cmd:Header><cmd:MdCreator>service</cmd:MdCreator><cmd:MdCreationDate clariah:epoch="1727789456">2024-10-01</cmd:MdCreationDate><cmd:MdSelfLink>unl://4</cmd:MdSelfLink><cmd:MdProfile>clarin.eu:cr1:p_1708423613599</cmd:MdProfile></cmd:Header><cmd:Resources><cmd:ResourceProxyList/><cmd:JournalFileProxyList/><cmd:ResourceRelationList/><cmd:IsPartOfList/></cmd:Resources><cmd:Components><cmd:HI><cmd:ID>foo</cmd:ID><cmd:status>under construction</cmd:status><cmd:Dataset><cmd:license>default:creativecommons.org/licenses/by-nc-sa/4.0/</cmd:license><cmd:publisher>default:www.huygens.knaw.nl</cmd:publisher><cmd:created>2024-10-01Z</cmd:created><cmd:modified>2024-10-01Z</cmd:modified><cmd:issued>2024-10-01Z</cmd:issued><cmd:Distribution/></cmd:Dataset><cmd:INEO/></cmd:HI></cmd:Components></cmd:CMD>