<?xml version="1.0" encoding="UTF-8"?>
<cmd:CMD xmlns:xsi="http://www.w3.org/2001/XMLSchema-instance" xmlns:cmd="http://www.clarin.eu/cmd/" xsi:schemaLocation="http://www.clarin.eu/cmd/ http://catalog.clarin.eu/ds/ComponentRegistry/rest/registry/profiles/clarin.eu:cr1:p_1708423613599/xsd" CMDVersion="1.1"><cmd:Header><cmd:MdCreator>test</cmd:MdCreator><cmd:MdCreationDate>2024-06-05</cmd:MdCreationDate><cmd:MdSelfLink>unl://1</cmd:MdSelfLink><cmd:MdProfile>clarin.eu:cr1:p_1708423613599</cmd:MdProfile></cmd:Header><cmd:Resources><cmd:ResourceProxyList/><cmd:JournalFileProxyList/><cmd:ResourceRelationList/><cmd:IsPartOfList/></cmd:Resources><cmd:Components><cmd:HI><cmd:ID>hi_bgb</cmd:ID><cmd:status>publish</cmd:status><cmd:Dataset><cmd:title xml:lang="en">Bookkeeper-General Batavia</cmd:title><cmd:license>creativecommons.org/licenses/by-nc-sa/4.0/</cmd:license><cmd:publisher>huygens.knaw.nl</cmd:publisher><cmd:description xml:lang="en">This database offers information concerning the circulation of commodities as found in the administration of the Bookkeeper-General of the Dutch East India Company in Batavia, in the eighteenth century.</cmd:description><cmd:landingPage>https://bgb.huygens.knaw.nl</cmd:landingPage><cmd:created>2024-05-30</cmd:created><cmd:modified>2024-05-30</cmd:modified><cmd:issued>2024-05-30</cmd:issued><cmd:Distribution><cmd:mediaType>csv</cmd:mediaType><cmd:issued>2024-03-19</cmd:issued><cmd:modified>2024-03-19</cmd:modified><cmd:license>creativecommons.org/licenses/by-nc-sa/4.0/</cmd:license></cmd:Distribution></cmd:Dataset><cmd:INEO><cmd:researchActivity>Analyzing</cmd:researchActivity><cmd:researchActivity>Enriching </cmd:researchActivity><cmd:researchActivity>Interpreting</cmd:researchActivity><cmd:researchActivity>Content Analysis</cmd:researchActivity><cmd:researchDomain>Cultural history</cmd:researchDomain><cmd:researchDomain>Textual and content analysis</cmd:researchDomain><cmd:researchDomain>Databases for humanities</cmd:researchDomain><cmd:researchDomain>History</cmd:researchDomain><cmd:researchDomain>Social and economic history</cmd:researchDomain><cmd:informationType>Books</cmd:informationType><cmd:resourceType>data</cmd:resourceType><cmd:mediaType>csv</cmd:mediaType><cmd:Access xml:lang="en">Open access</cmd:Access><cmd:status>active</cmd:status><cmd:language>English</cmd:language><cmd:provenance xml:lang="en">https://www.nationaalarchief.nl/onderzoeken/archief/1.04.18.02</cmd:provenance><cmd:resourceHost>huygens.knaw.nl</cmd:resourceHost><cmd:resourceOwner>huygens.knaw.nl</cmd:resourceOwner><cmd:development xml:lang="en">The database application and the web research tool was developed by Jelle Gerbrandy for the Huygens Institute.</cmd:development><cmd:development xml:lang="en">Edited by Judith Schooneveld-Oosterling, in cooperation with Gerrit Knaap, Nicolien Karskens, Dorine Smit-Maarschalkerweerd, Sander Tettert, Joris van den Tol, Herman Nijhuis, Koen van Wijk, Anna Kunst, Jolanda Buijs, Maarten Jongma and Remco Boer.</cmd:development><cmd:funding xml:lang="en">Stichting VOC Fonds</cmd:funding><cmd:funding xml:lang="en">M.A.O.C. Gravin van Bylandt Stichting</cmd:funding><cmd:funding xml:lang="en">Dr Hendrik Muller's Vaderlands Fonds</cmd:funding><cmd:funding xml:lang="en">Stichting Admiraal van Kinsbergenfonds</cmd:funding><cmd:funding xml:lang="en">Directie Oostersche Handel en Reederijen</cmd:funding><cmd:funding xml:lang="en">Vaderlands Fonds ter Aanmoediging van 's Lands Zeedienst</cmd:funding><cmd:contactForGeneralQuestions>data@huygens.knaw.nl</cmd:contactForGeneralQuestions></cmd:INEO></cmd:HI></cmd:Components></cmd:CMD>
