<?xml version="1.0" encoding="UTF-8"?><cmd:CMD xmlns:clariah="http://www.clariah.eu/" xmlns:cmd="http://www.clarin.eu/cmd/" xmlns:js="http://www.w3.org/2005/xpath-functions" xmlns:xsi="http://www.w3.org/2001/XMLSchema-instance" xsi:schemaLocation="http://www.clarin.eu/cmd/ http://catalog.clarin.eu/ds/ComponentRegistry/rest/registry/profiles/clarin.eu:cr1:p_1721373443933/xsd" CMDVersion="1.1"><cmd:Header><cmd:MdCreator>service</cmd:MdCreator><cmd:MdCreationDate clariah:epoch="1727617068">2024-09-29</cmd:MdCreationDate><cmd:MdSelfLink>unl://16</cmd:MdSelfLink><cmd:MdProfile>clarin.eu:cr1:p_1721373443933</cmd:MdProfile></cmd:Header><cmd:Resources><cmd:ResourceProxyList/><cmd:JournalFileProxyList/><cmd:ResourceRelationList/><cmd:IsPartOfList/></cmd:Resources><cmd:Components><cmd:Adoptie><cmd:IDnummer>foobar 4</cmd:IDnummer><cmd:AdoptieKind/><cmd:BiologischeOfAfstandsMoeder/><cmd:GegevensBiologischeVaderOfVerwekker/><cmd:ZwangerschapEnBevalling><cmd:GastGezinBoolean/></cmd:ZwangerschapEnBevalling><cmd:NaBevalling/><cmd:Afstand/><cmd:Adoptie><cmd:AdviesAdoptieRaadBoolean/><cmd:FinancieleInformatieBoolean/></cmd:Adoptie><cmd:Overig><cmd:LaterVerzoekInformatieBoolean/></cmd:Overig></cmd:Adoptie></cmd:Components></cmd:CMD>