<?xml version="1.0" encoding="UTF-8"?><cmd:CMD xmlns:cmd="http://www.clarin.eu/cmd/" xmlns:xsi="http://www.w3.org/2001/XMLSchema-instance" xsi:schemaLocation="http://www.clarin.eu/cmd/ http://catalog.clarin.eu/ds/ComponentRegistry/rest/registry/profiles/clarin.eu:cr1:p_1721373443933/xsd" CMDVersion="1.1">    <cmd:Header>        <cmd:MdCreator>service</cmd:MdCreator>        <cmd:MdCreationDate xmlns:clariah="http://www.clariah.eu/" clariah:epoch="1727022051">2024-09-22</cmd:MdCreationDate>        <cmd:MdSelfLink>unl://1</cmd:MdSelfLink>        <cmd:MdProfile>clarin.eu:cr1:p_1721373443933</cmd:MdProfile>    </cmd:Header>    <cmd:Resources>        <cmd:ResourceProxyList/>        <cmd:JournalFileProxyList/>        <cmd:ResourceRelationList/>        <cmd:IsPartOfList/>    </cmd:Resources>    <cmd:Components>        <cmd:Adoptie>            <cmd:IDnummer>123-test</cmd:IDnummer>            <cmd:AdoptieKind>                <cmd:geslacht>mannelijk</cmd:geslacht>                <cmd:geboortePeriode>1930-1934</cmd:geboortePeriode>                <cmd:geboorteProvincie>Overijssel</cmd:geboorteProvincie>            </cmd:AdoptieKind>            <cmd:BiologischeOfAfstandsMoeder>                <cmd:geboortePeriodeBiologischeMoeder>1900-1904</cmd:geboortePeriodeBiologischeMoeder>                <cmd:provincieWaarMoederWoonachtigIsVoorEventueelVertrekDoorgangshuisOfGastGezin>Drenthe</cmd:provincieWaarMoederWoonachtigIsVoorEventueelVertrekDoorgangshuisOfGastGezin>                <cmd:beroepBiologischeMoeder>hhhhlh</cmd:beroepBiologischeMoeder>            </cmd:BiologischeOfAfstandsMoeder>        </cmd:Adoptie>    </cmd:Components></cmd:CMD>