<?xml version="1.0" encoding="UTF-8"?><ComponentSpec xmlns:clariah="http://www.clariah.eu/" xmlns:cue="http://www.clarin.eu/cmd/cues/1" xmlns:xsi="http://www.w3.org/2001/XMLSchema-instance" isProfile="true" CMDVersion="1.2" CMDOriginalVersion="1.2" xsi:noNamespaceSchemaLocation="https://infra.clarin.eu/CMDI/1.x/xsd/cmd-component.xsd">    <Header>        <ID>clarin.eu:cr1:p_1721373443933</ID>        <Name>Adoptie</Name>        <Description>Profiel voor het adoptie project</Description>        <Status>development</Status>    </Header>    <Component name="Adoptie">        <Element name="IDnummer" cue:displayOrder="1"><clariah:label xml:lang="en">1. ID-nummer</clariah:label><clariah:explanation>incl. initialen invoerder</clariah:explanation><!--cues--></Element>        <Component name="AdoptieKind"><clariah:label xml:lang="en">Adoptiekind</clariah:label><clariah:explanation>gegevens adoptiekind</clariah:explanation>            <Element name="geslacht" cue:displayOrder="2"><clariah:label xml:lang="en">2. Geslacht kind</clariah:label>                            </Element>            <Element name="geboortePeriode" cue:displayOrder="3"><clariah:label xml:lang="en">3. Geboorteperiode kind</clariah:label>                            </Element>            <Element name="geboorteProvincie" cue:displayOrder="4"><clariah:label xml:lang="en">4. Geboorteprovincie kind</clariah:label>                            </Element>        </Component>        <Component name="BiologischeOfAfstandsMoeder"><clariah:label xml:lang="en">Biologische moeder</clariah:label><clariah:explanation>gegevens biologische moeder c.q. ‘afstandsmoeder’</clariah:explanation>            <Element name="geboortePeriodeBiologischeMoeder" cue:displayOrder="5"><clariah:label xml:lang="en">5. Geboorteperiode biologische moeder</clariah:label>                            </Element>            <Element name="provincieWaarMoederWoonachtigIsVoorEventueelVertrekDoorgangshuisOfGastGezin" cue:displayOrder="6"><clariah:label xml:lang="en">6. Provincie waarin biologische moeder woonachtig is voor eventueel vertrek naar doorgangshuis/gastgezin</clariah:label>                            </Element>            <Element name="isBiologischeMoederMeederjarig-21JaarEnOuder" cue:displayOrder="7"><clariah:label xml:lang="en">7. Is biologische moeder bij geboorte van kind meerderjarig (21 jaar en ouder)</clariah:label><!--cues--></Element>            <Element name="huwelijkseStaatBiologischeMoederOpMomentVanBevalling" cue:displayOrder="8"><clariah:label xml:lang="en">8. Huwelijkse staat biologische moeder op moment van bevalling</clariah:label>                            </Element>            <Element name="huwelijkseStaatBiologischeMoederOpMomentVanAdoptie" cue:displayOrder="9"><clariah:label xml:lang="en">9. Huwelijkse staat biologische moeder op moment van adoptie</clariah:label>                            </Element>            <Element name="godsdienstBiologischeMoeder" cue:displayOrder="11"><clariah:label xml:lang="en">11. Godsdienst biologische moeder</clariah:label><!--cues--></Element>            <Element name="beroepBiologischeMoeder" cue:displayOrder="12" cue:inputWidth="80" cue:inputHeight="6"><clariah:label xml:lang="en">12. Beroep biologische moeder</clariah:label><!--cues--></Element>            <Element name="genotenOnderwijsBiologischeMoeder" cue:displayOrder="13" cue:inputWidth="80" cue:inputHeight="6"><clariah:label xml:lang="en">13. Genoten onderwijs biologische moeder</clariah:label><!--cues--></Element>            <Element name="beroepVaderVanDeBiologischeMoeder" cue:displayOrder="14" cue:inputWidth="80" cue:inputHeight="6"><clariah:label xml:lang="en">14. Beroep vader van biologische moeder</clariah:label><!--cues--></Element>            <Element name="beroepMoederVanDeBiologischeMoeder" cue:displayOrder="15" cue:inputWidth="80" cue:inputHeight="6"><clariah:label xml:lang="en">15. Beroep moeder van biologische moeder</clariah:label><!--cues--></Element>            <Element name="beschijfGezinsSituatieBiologischeMoederVoorDanWelTijdensDeZwangerschap" cue:displayOrder="16" cue:inputWidth="80" cue:inputHeight="6"><clariah:label xml:lang="en">16. Beschrijf de gezinssituatie biologische moeder voor dan wel tijdens de zwangerschap</clariah:label><!--cues--></Element>            <Element name="beschrijfGezinssituatieBiologischeMoederNaDeBevalling" cue:displayOrder="17" cue:inputWidth="80" cue:inputHeight="6"><clariah:label xml:lang="en">17. Beschrijf de gezinssituatie biologische moeder na de bevalling</clariah:label><!--cues--></Element>            <Component name="LichtVerstandelijkeBeperkingOfPsychologischeAandoeningMoederComp" cue:displayOrder="10"><clariah:label xml:lang="en">10. Wordt er in de verslaglegging met betrekking tot biologische moeder verwezen naar een licht verstandelijke beperking of psychologische aandoening?</clariah:label>                <Element name="beperkingOfAandoeningMoeder" cue:inputWidth="80" cue:inputHeight="6"><clariah:label xml:lang="en">Indien ja, welke termen worden hiervoor gebruikt?</clariah:label><!--cues--></Element>            </Component>        </Component>        <Component name="GegevensBiologischeVaderOfVerwekker"><clariah:label xml:lang="en">Biologische vader</clariah:label><clariah:explanation>gegevens biologische vader c.q. verwekker</clariah:explanation>            <Element name="isDeVerwekkerBekend" cue:displayOrder="18"><clariah:label xml:lang="en">18. Is de verwekker bekend?</clariah:label><!--cues--></Element>            <Element name="aardSeksueleRelatieBiologischeMoederEnVerwekker" cue:displayOrder="19"><clariah:label xml:lang="en">19. Wat is de aard van de seksuele relatie tussen biologische moeder en verwekker?</clariah:label>                            </Element>            <Element name="sprakeVanFamilieRelatieTussenBiologischeMoederEnVerwekker" cue:displayOrder="20"><clariah:label xml:lang="en">20. Is er sprake van een familierelatie tussen biologische moeder en verwekker?</clariah:label><!--cues--></Element>            <Element name="beschrijfRelatieTussenBiologischeMoederEnVerwekker" cue:displayOrder="21" cue:inputWidth="80" cue:inputHeight="6"><clariah:label xml:lang="en">21. Beschrijf de relatie tussen biologische moeder en verwekker?</clariah:label><!--cues--></Element>            <Element name="welkeAanvullendeInformatieVindenWeOverDeVerwekker" cue:displayOrder="22" cue:inputWidth="80" cue:inputHeight="6"><clariah:label xml:lang="en">22. Welke aanvullende informatie vinden we over de verwekker?</clariah:label><!--cues--></Element>            <Element name="welkeInformatieVindenWeOverDeOudersVanDeVerwekker" cue:displayOrder="23" cue:inputWidth="80" cue:inputHeight="6"><clariah:label xml:lang="en">23. Welke informatie vinden we over de ouders van de verwekker?</clariah:label><!--cues--></Element>            <Element name="isErSprakeVanPogingTotVaderschapsActie" cue:displayOrder="24"><clariah:label xml:lang="en">24. Is er sprake van poging tot vaderschapsactie?</clariah:label><!--cues--></Element>        </Component>        <Component name="ZwangerschapEnBevalling">            <Element name="informatiePeriodeZwangerschap" cue:displayOrder="25" cue:inputWidth="80" cue:inputHeight="6"><clariah:label xml:lang="en">25. Welke informatie wordt gedeeld over de periode van de zwangerschap?</clariah:label><!--cues--></Element>            <Component name="VerblijfDoorgangshuisBoolean" cue:displayOrder="26"><clariah:label xml:lang="en">26. Verblijven moeder en/of kind op enig moment in een doorgangshuis?</clariah:label>                <Element name="verblijfDoorgangshuisProvincie" cue:displayOrder="27"><clariah:label xml:lang="en">27. In welke provincie is dit doorgangshuis gevestigd?</clariah:label>                                    </Element>                <Element name="signatuurDoorgangshuis" cue:displayOrder="28"><clariah:label xml:lang="en">28. Signatuur doorgangshuis</clariah:label>                                    </Element>                <Element name="informatiePeriodeDoorgangshuis" cue:displayOrder="29" cue:inputWidth="80" cue:inputHeight="6"><clariah:label xml:lang="en">29. Welke informatie wordt gedeeld over de periode in het doorgangshuis?</clariah:label><!--cues--></Element>            </Component>            <Component name="GastGezinBoolean" cue:displayOrder="30"><clariah:label xml:lang="en">30. Verblijven moeder en/of kind op enig moment in een gastgezin?</clariah:label>                <Element name="provincieGastgezin" cue:displayOrder="31"><clariah:label xml:lang="en">31. In welke provincie is dit gastgezin woonachtig?</clariah:label>                                    </Element>                <Element name="informatieVerblijfGastgezin" cue:displayOrder="32" cue:inputWidth="80" cue:inputHeight="6"><clariah:label xml:lang="en">32. Welke informatie wordt gedeeld over het verblijf bij het gastgezin?</clariah:label><!--cues--></Element>                <Element name="informatieGastgezinBevalling" cue:displayOrder="33" cue:inputWidth="80" cue:inputHeight="6"><clariah:label xml:lang="en">33. Welke informatie wordt gedeeld over de bevalling?</clariah:label><!--cues--></Element>            </Component>        </Component>        <Component name="NaBevalling">            <Element name="verblijftInKindertehuis" cue:displayOrder="34"><clariah:label xml:lang="en">34. Verblijft het kind na de bevalling in een kindertehuis?</clariah:label><!--cues--></Element>            <Element name="provincieKindertehuis" cue:displayOrder="35"><clariah:label xml:lang="en">35. In welke provincie is dit kindertehuis gevestigd?</clariah:label>                            </Element>            <Element name="informatieKindertehuis" cue:displayOrder="36" cue:inputWidth="80" cue:inputHeight="6"><clariah:label xml:lang="en">36. Welke informatie wordt gedeeld over het verblijf in het kindertehuis?</clariah:label><!--cues--></Element>            <Element name="beperkingOfAnderStoornisKindertehuis" cue:displayOrder="37"><clariah:label xml:lang="en">37. Wordt er in de verslaglegging met betrekking tot het kind verwezen naar een licht verstandelijke beperking of andere stoornis in de ontwikkeling?</clariah:label><!--cues--></Element>        </Component>        <Component name="Afstand">            <Element name="redenAfstandAdoptieMoeder" cue:displayOrder="38" cue:inputWidth="80" cue:inputHeight="6"><clariah:label xml:lang="en">38. Wat en hoe wordt er geschreven over reden van afstand en adoptie, vanuit de biologische moeder?</clariah:label><!--cues--></Element>            <Element name="redenAfstandAdoptieOudersMoeder" cue:displayOrder="39" cue:inputWidth="80" cue:inputHeight="6"><clariah:label xml:lang="en">39. Wat wordt er geschreven over reden van afstand en adoptie, vanuit de ouders van de biologische moeder?</clariah:label><!--cues--></Element>            <Element name="redenAfstandAdoptieAndereActoren" cue:displayOrder="40" cue:inputWidth="80" cue:inputHeight="6"><clariah:label xml:lang="en">40. Wat wordt er geschreven over reden van afstand en adoptie, vanuit actoren anders dan (de ouders van) de biologische moeder? </clariah:label><!--cues--></Element>            <Element name="contactMoederKind" cue:displayOrder="43" cue:inputWidth="80" cue:inputHeight="6"><clariah:label xml:lang="en">43. Welke informatie vinden we over het al dan niet (blijvend) contact tussen biologische moeder en kind na de adoptie? </clariah:label><!--cues--></Element>            <Element name="plaatsingsWensen" cue:displayOrder="44" cue:inputWidth="80" cue:inputHeight="6"><clariah:label xml:lang="en">44. Worden er wensen uitgesproken door biologische moeder m.b.t. plaatsing adoptiegezin?</clariah:label><!--cues--></Element>            <Element name="begeleidendeInstantiesPersonen" cue:displayOrder="45" cue:inputWidth="80" cue:inputHeight="6"><clariah:label xml:lang="en">45. Welke begeleidende instanties of individuen  worden genoemd?</clariah:label><!--cues--></Element>            <Component name="AfstandsverklaringBoolean" cue:displayOrder="41"><clariah:label xml:lang="en">41. Bevat het dossier een ‘afstandsverklaring’ van de biologisch moeder? </clariah:label>                <Element name="tekstAfstandsverklaring" cue:displayOrder="42" cue:inputWidth="80" cue:inputHeight="6"><clariah:label xml:lang="en">42. Noteer de tekst die op de ‘afstandsverklaring’ staat:</clariah:label><!--cues--></Element>            </Component>        </Component>        <Component name="Adoptie">            <Element name="periodePlaatsingPleeggezin" cue:displayOrder="46"><clariah:label xml:lang="en">46. Periode plaatsing in het pleeggezin:</clariah:label>                            </Element>            <Element name="periodeAdoptieVerzoek" cue:displayOrder="47"><clariah:label xml:lang="en">47. Periode adoptieverzoek:</clariah:label>                            </Element>            <Element name="periodeAdoptieToewijzing" cue:displayOrder="48"><clariah:label xml:lang="en">48. Periode adoptietoewijzing (vonnis):</clariah:label>                            </Element>            <Element name="deltaVerzoekToewijzing" cue:displayOrder="49"><clariah:label xml:lang="en">49. Hoeveel jaar zit er tussen verzoek en toewijzing adoptie? </clariah:label>                            </Element>            <Element name="woonProvinciePleegAdoptieOuders" cue:displayOrder="50"><clariah:label xml:lang="en">50. Woonprovincie pleeg- c.q. adoptiefouders:</clariah:label>                            </Element>            <Element name="leeftijdKindPlaatsing" cue:displayOrder="51"><clariah:label xml:lang="en">51. Leeftijd kind bij plaatsing in pleeggezin (in hele jaren):</clariah:label><!--cues--></Element>            <Element name="leeftijdKindAdoptieVerzoek" cue:displayOrder="52"><clariah:label xml:lang="en">52. Leeftijd kind bij adoptieverzoek (in hele jaren): </clariah:label><!--cues--></Element>            <Element name="beroepPleegvader" cue:displayOrder="53" cue:inputWidth="80" cue:inputHeight="6"><clariah:label xml:lang="en">53. Beroep pleegvader</clariah:label><!--cues--></Element>            <Element name="beroepPleegMoeder" cue:displayOrder="54" cue:inputWidth="80" cue:inputHeight="6"><clariah:label xml:lang="en">54. Beroep pleegmoeder</clariah:label><!--cues--></Element>            <Element name="religiePleegOuders" cue:displayOrder="55" cue:inputWidth="80" cue:inputHeight="6"><clariah:label xml:lang="en">55. Religie pleegouders</clariah:label><!--cues--></Element>            <Element name="rapportagePlaatsing" cue:displayOrder="56" cue:inputWidth="80" cue:inputHeight="6"><clariah:label xml:lang="en">56. Wat wordt gerapporteerd over de (toekomstige) plaatsing in het pleeggezin</clariah:label><!--cues--></Element>            <Element name="heeftPleeggezinKinderen" cue:displayOrder="58"><clariah:label xml:lang="en">58. Heeft het pleeggezin eigen kinderen of andere pleeg- dan wel adoptiekinderen (voor dan wel na desbetreffende adoptie)?</clariah:label><!--cues--></Element>            <Element name="motivatieAdoptiePleegouders" cue:displayOrder="59" cue:inputWidth="80" cue:inputHeight="6"><clariah:label xml:lang="en">59. Welke informatie vinden we over de motivatie van de pleegouders om te adopteren?</clariah:label><!--cues--></Element>            <Element name="rapportageToewijzing" cue:displayOrder="60" cue:inputWidth="80" cue:inputHeight="6"><clariah:label xml:lang="en">60. Wat wordt er gerapporteerd over de toewijzing adoptie?</clariah:label><!--cues--></Element>            <Element name="begeleidendeInstantiesIndividuen" cue:displayOrder="62" cue:inputWidth="80" cue:inputHeight="6"><clariah:label xml:lang="en">62. Welke begeleidende instanties of individuen worden genoemd?</clariah:label><!--cues--></Element>            <Component name="InformatieDerdenBoolean" cue:displayOrder="57"><clariah:label xml:lang="en">57. Wordt er informatie over het adoptief-echtpaar ingewonnen bij derden?</clariah:label>                <Element name="informatieDerdenString" cue:inputWidth="80" cue:inputHeight="6"><clariah:label xml:lang="en">Zo ja, wie zijn dit en welke informatie delen zij over het echtpaar?</clariah:label><!--cues--></Element>            </Component>            <Component name="AdviesAdoptieRaadBoolean" cue:displayOrder="61"><clariah:label xml:lang="en">61. Is er sprake van Advies van de Centrale Adoptieraad (aan de rechter)?</clariah:label>                <Element name="adviesAdoptieRaadString" cue:inputWidth="80" cue:inputHeight="6"><!--cues--></Element>            </Component>            <Component name="FinancieleInformatieBoolean" cue:displayOrder="63"><clariah:label xml:lang="en">63. Wordt er enige financiële informatie gedeeld?</clariah:label>                <Element name="informatieFinancieleInformatie" cue:inputWidth="80" cue:inputHeight="6"><clariah:label xml:lang="en">Noteer relevante informatie</clariah:label><!--cues--></Element>            </Component>        </Component>        <Component name="Overig">            <Element name="typenDocumenten" cue:displayOrder="64" cue:inputWidth="80" cue:inputHeight="6"><clariah:label xml:lang="en">64. Welke (typen) documenten bevinden zich in het dossier (juridische documenten, rapportages, telefoonbriefjes, foto’s)</clariah:label><!--cues--></Element>            <Element name="opvallendeZaken" cue:displayOrder="66" cue:inputWidth="80" cue:inputHeight="6"><clariah:label xml:lang="en">66. Wat viel je verder inhoudelijk op in dit dossier?</clariah:label><!--cues--></Element>            <Component name="LaterVerzoekInformatieBoolean" cue:displayOrder="65"><clariah:label xml:lang="en">65. Bevat het dossier een later verzoek tot informatie over of door de betrokkenen? </clariah:label>                <Element name="laterVerzoekInformatieString" cue:inputWidth="80" cue:inputHeight="6"><clariah:label xml:lang="en">Noteer relevante informatie</clariah:label><!--cues--></Element>            </Component>        </Component>    </Component></ComponentSpec>