<?xml version="1.0" encoding="UTF-8"?>
<cmd:CMD xmlns:xsi="http://www.w3.org/2001/XMLSchema-instance" xmlns:cmd="http://www.clarin.eu/cmd/" xsi:schemaLocation="http://www.clarin.eu/cmd/ http://catalog.clarin.eu/ds/ComponentRegistry/rest/registry/profiles/clarin.eu:cr1:p_1708423613599/xsd" CMDVersion="1.1"><cmd:Header><cmd:MdCreator>dataEnv</cmd:MdCreator><cmd:MdCreationDate>2024-05-28</cmd:MdCreationDate><cmd:MdSelfLink>unl://8</cmd:MdSelfLink><cmd:MdProfile>clarin.eu:cr1:p_1708423613607</cmd:MdProfile></cmd:Header><cmd:Resources><cmd:ResourceProxyList/><cmd:JournalFileProxyList/><cmd:ResourceRelationList/><cmd:IsPartOfList/></cmd:Resources><cmd:Components><cmd:DataEnvelope><cmd:BasicInformation><cmd:title xml:lang="en">Ecartico 1.0 Data Envelope 1.0</cmd:title><cmd:ContactDetails><cmd:name>Judith Brouwer</cmd:name><cmd:orcidID>0000-0002-9219-5348</cmd:orcidID><cmd:roleInProject>Data Curation</cmd:roleInProject><cmd:roleInProject>Supervision</cmd:roleInProject><cmd:roleInProject>Project Administration</cmd:roleInProject><cmd:email>judith.brouwer@huygens.knaw.nl</cmd:email></cmd:ContactDetails><cmd:ContactDetails><cmd:name>Harm Nijboer</cmd:name><cmd:orcidID>0000-0001-9407-6433</cmd:orcidID><cmd:roleInProject>Conceptualization</cmd:roleInProject><cmd:roleInProject>Software</cmd:roleInProject><cmd:roleInProject>Project Administration</cmd:roleInProject><cmd:roleInProject>Funding Acquisition</cmd:roleInProject><cmd:roleInProject>Investigation</cmd:roleInProject><cmd:roleInProject>Methodology</cmd:roleInProject><cmd:roleInProject>Data Curation</cmd:roleInProject><cmd:email>harm.nijboer@huygens.knaw.nl</cmd:email></cmd:ContactDetails><cmd:ContactDetails><cmd:name>Marten Jan Bok</cmd:name><cmd:orcidID>0000-0001-8515-6239</cmd:orcidID><cmd:roleInProject>Funding Acquisition</cmd:roleInProject><cmd:roleInProject>Data Curation</cmd:roleInProject><cmd:email>m.j.bok@uva.nl</cmd:email></cmd:ContactDetails><cmd:Dates><cmd:creationDateFrom>2024-05-14</cmd:creationDateFrom><cmd:creationDateTo>2024-05-14</cmd:creationDateTo><cmd:publicationDate>2024-05-14</cmd:publicationDate></cmd:Dates><cmd:authorDataEnvelope><cmd:name>Harm Nijboer</cmd:name><cmd:orcidID>0000-0001-9407-6433</cmd:orcidID><cmd:email>harm.nijboer@huygens.knaw.nl</cmd:email></cmd:authorDataEnvelope></cmd:BasicInformation><cmd:BasicMetadata><cmd:Snapshot><cmd:title xml:lang="none">Ecartico</cmd:title><cmd:version>1.0</cmd:version><cmd:description>ECARTICO is a comprehensive collection of structured biographical data concerning painters, engravers, printers, book sellers, gold- and silversmiths and others involved in the ‘cultural industries’ of the Low Countries in the sixteenth and seventeenth centuries. For this database primary archival sources and secondary professional literature were used.</cmd:description><cmd:genre>Biography</cmd:genre><cmd:genre>Encyclopedias</cmd:genre><cmd:genreOther>Prosopography</cmd:genreOther><cmd:topic>Art and architecture</cmd:topic><cmd:topic>Social and economic history</cmd:topic><cmd:topic>Cultural history</cmd:topic><cmd:topic>Modern European languages and literature</cmd:topic><cmd:languages>English</cmd:languages><cmd:languageOther>Dutch</cmd:languageOther><cmd:GeographicalCoverage>Low Countries</cmd:GeographicalCoverage><cmd:GeographicalCoverageOther>World</cmd:GeographicalCoverageOther><cmd:TemporalCoverage><cmd:yearFrom>1475</cmd:yearFrom><cmd:yearTo>1725</cmd:yearTo></cmd:TemporalCoverage></cmd:Snapshot><cmd:Dates><cmd:dateFrom>2009-06-27</cmd:dateFrom><cmd:datasetPublicationDate>2024-05-14</cmd:datasetPublicationDate></cmd:Dates><cmd:CreatorsContributors><cmd:publishingOrganisation><cmd:Name>Huygens Institute for History and Culture of the Netherlands</cmd:Name><cmd:ROR>04x6kq749</cmd:ROR><cmd:type>Academic/Research Insitution</cmd:type></cmd:publishingOrganisation><cmd:Creators><cmd:Name>Judith Brouwer</cmd:Name><cmd:ORCID>0000-0002-9219-5348</cmd:ORCID><cmd:Organisation>Huygens Institute for History and Culture of the Netherlands</cmd:Organisation><cmd:ROR>04x6kq749</cmd:ROR><cmd:Role>Data Curation</cmd:Role><cmd:Role>Project Administration</cmd:Role><cmd:Role>Supervision</cmd:Role><cmd:email>judith.brouwer@huygens.knaw.nl</cmd:email></cmd:Creators><cmd:Creators><cmd:Name>Harm Nijboer</cmd:Name><cmd:ORCID>0000-0001-9407-6433</cmd:ORCID><cmd:Organisation>Huygens Institute for History and Culture of the Netherlands</cmd:Organisation><cmd:ROR>04x6kq749</cmd:ROR><cmd:Role>Conceptualisation</cmd:Role><cmd:Role>Data Curation</cmd:Role><cmd:Role>Methodology</cmd:Role><cmd:Role>Investigation</cmd:Role><cmd:Role>Funding Acquisition</cmd:Role><cmd:Role>Project Administration</cmd:Role><cmd:Role>Software Development</cmd:Role><cmd:email>harm.nijboer@huygens.knaw.nl</cmd:email></cmd:Creators><cmd:Creators><cmd:Name>Marten Jan Bok</cmd:Name><cmd:ORCID>0000-0001-8515-6239</cmd:ORCID><cmd:Organisation>University of Amsterdam</cmd:Organisation><cmd:ROR>04dkp9463</cmd:ROR><cmd:Role>Data Curation</cmd:Role><cmd:Role>Funding Acquisition</cmd:Role><cmd:email>m.j.bok@uva.nl</cmd:email></cmd:Creators><cmd:contributors><cmd:name>Pieter Groenendijk</cmd:name><cmd:descriptionContribution>Pieter provided the original dataset underlying his lexicon of Dutch painters and engravers.</cmd:descriptionContribution></cmd:contributors><cmd:contributors><cmd:name>Yvonne Colijn</cmd:name><cmd:descriptionContribution>Data Curation</cmd:descriptionContribution></cmd:contributors><cmd:contributors><cmd:name>Stephanie Levert </cmd:name><cmd:descriptionContribution>Data Curation</cmd:descriptionContribution></cmd:contributors><cmd:contributors><cmd:name>Weixuan Li </cmd:name><cmd:descriptionContribution>Data Curation</cmd:descriptionContribution></cmd:contributors><cmd:contributors><cmd:name>Michael Putter</cmd:name><cmd:descriptionContribution>Data Curation</cmd:descriptionContribution></cmd:contributors><cmd:contributors><cmd:name>Jirsi Reinders</cmd:name><cmd:descriptionContribution>Data Curation</cmd:descriptionContribution></cmd:contributors><cmd:contributors><cmd:name>Marloes Scholtens</cmd:name><cmd:descriptionContribution>Data Curation</cmd:descriptionContribution></cmd:contributors><cmd:contributors><cmd:name>Jan Tervoort </cmd:name><cmd:descriptionContribution>Data Curation</cmd:descriptionContribution></cmd:contributors><cmd:contributors><cmd:name>Marleen Vincenten</cmd:name><cmd:descriptionContribution>Data Curation</cmd:descriptionContribution></cmd:contributors><cmd:funding><cmd:name>NWO</cmd:name><cmd:ROR>04jsz6e67</cmd:ROR><cmd:summary/></cmd:funding><cmd:funding><cmd:name>University of Amsterdam</cmd:name><cmd:ROR>04dkp9463</cmd:ROR><cmd:summary>2012-2013 Digitale Grachtengordel van Amsterdam (Funding: UvA, Implementation: UvA)</cmd:summary></cmd:funding><cmd:funding><cmd:name>Royal Netherlands Academy of Arts and Sciences</cmd:name><cmd:ROR>043c0p156</cmd:ROR><cmd:summary>KNAW Akademie-assistentenproject “De culturele industrie van Amsterdam  in de Gouden Eeuw”, 2010-2013 (Funding: NWO / KNAW, Implementation: UvA)</cmd:summary></cmd:funding></cmd:CreatorsContributors><cmd:distribution><cmd:datasetlink>https://zenodo.org/doi/10.5281/zenodo.7332302</cmd:datasetlink><cmd:repository>https://ecartico.org</cmd:repository></cmd:distribution><cmd:accessLicenses><cmd:licensingInformation><cmd:identifier>Creative Commons Attribution 4.0 International License</cmd:identifier><cmd:url>https://creativecommons.org/licenses/by/4.0/</cmd:url></cmd:licensingInformation><cmd:access><cmd:accessLevel>Open Access</cmd:accessLevel></cmd:access></cmd:accessLicenses><cmd:versionMaintenance><cmd:version><cmd:currentVersion>1</cmd:currentVersion></cmd:version><cmd:maintenance><cmd:maintenanceStatus>Regularly maintained</cmd:maintenanceStatus></cmd:maintenance><cmd:maintenancePlan><cmd:feedback>Harm.Nijboer@huygens.knaw.nl 
M.J.Bok@uva.nl 
Judith.Brouwer@huygens.knaw.nl</cmd:feedback></cmd:maintenancePlan></cmd:versionMaintenance></cmd:BasicMetadata><cmd:Data><cmd:DataResourceDescription><cmd:nameOfResource>Ecartico</cmd:nameOfResource><cmd:Description>ECARTICO is a comprehensive collection of structured biographical data concerning painters, engravers, printers, book sellers, gold- and silversmiths and others involved in the ‘cultural industries’ of the Low Countries in the sixteenth and seventeenth centuries.</cmd:Description><cmd:path>https://ecartico.org/</cmd:path><cmd:language>English; Dutch</cmd:language><cmd:encoding>UTF-8</cmd:encoding><cmd:dataSubjects><cmd:Subjects>	Non-sensitive data about people</cmd:Subjects></cmd:dataSubjects><cmd:dataModality><cmd:modality>Text Data</cmd:modality><cmd:modality>Geospatial Data</cmd:modality><cmd:modality>Graph Data</cmd:modality></cmd:dataModality></cmd:DataResourceDescription><cmd:dataFields><cmd:dataField><cmd:sensitivity>Non-sensitive data </cmd:sensitivity></cmd:dataField></cmd:dataFields><cmd:dataExamples><cmd:typicalExample><cmd:description>Factsheet about Peter Paul Rubens.</cmd:description><cmd:link>https://ecartico.org/persons/6423</cmd:link></cmd:typicalExample><cmd:atypicalExample><cmd:atypdescription>Always use Gregorian calendar, where in some cases sources are using Julian calendar. 

E.g. Lambert Jacobsz. died 27-6-1636 in Leeuwarden. At that time the Frisians still used the Julian calander.</cmd:atypdescription><cmd:atyplink>https://ecartico.org/persons/4023</cmd:atyplink></cmd:atypicalExample></cmd:dataExamples><cmd:externalResources><cmd:resources>No</cmd:resources><cmd:extResources>https://viaf.org/</cmd:extResources><cmd:extResources>https://www.dbnl.org/</cmd:extResources><cmd:extResources>https://www.wikidata.org/</cmd:extResources><cmd:extResources>http://www.biografischportaal.nl/</cmd:extResources><cmd:extResources>https://data.cerl.org/stcn/_search</cmd:extResources><cmd:extResources>http://vocab.getty.edu</cmd:extResources><cmd:extResources>https://rkd.nl</cmd:extResources><cmd:extResources>https://id.rijksmuseum.nl</cmd:extResources><cmd:extResources>http://ta.sandrart.net</cmd:extResources><cmd:extResources>http://data.bibliotheken.nl</cmd:extResources><cmd:extResources>https://www.vondel.humanities.uva.nl/onstage/</cmd:extResources><cmd:extResources>https://dwc.knaw.nl/</cmd:extResources></cmd:externalResources><cmd:annotations><cmd:annotationCharacteristics><cmd:annotationWorkforceType>Human Annotations (Expert, Employees)</cmd:annotationWorkforceType></cmd:annotationCharacteristics></cmd:annotations><cmd:socialImpact><cmd:safety><cmd:disclaimer>No</cmd:disclaimer></cmd:safety><cmd:confidentiality><cmd:confidentialityBin>No</cmd:confidentialityBin></cmd:confidentiality><cmd:biases><cmd:knownBiases>*underrepresentation of women
*underrepresentation of non-Western people, as the focus is on the Low Countries in the sixteenth and seventeenth centuries</cmd:knownBiases><cmd:stepsToReduceBias>*since 2017 more women were added, e.g. spouses + mothers</cmd:stepsToReduceBias><cmd:sensAttributes><cmd:sensitiveAttribute>None</cmd:sensitiveAttribute></cmd:sensAttributes></cmd:biases><cmd:ethicalReview><cmd:review>No</cmd:review></cmd:ethicalReview></cmd:socialImpact></cmd:Data><cmd:Uses><cmd:purposes>Research</cmd:purposes><cmd:domains>history; art history; socio-economic history; literature</cmd:domains><cmd:Use><cmd:datasetUse>Safe for research use</cmd:datasetUse><cmd:LinksToRelatedItems><cmd:publications>http://ceur-ws.org/Vol-2119/paper6.pdf</cmd:publications><cmd:publications>https://doi.org/10.3390/arts8030077</cmd:publications><cmd:publications>https://journal.dhbenelux.org/journal/issues/003/article-36-Nijboer.pdf</cmd:publications></cmd:LinksToRelatedItems></cmd:Use><cmd:UseWithOtherData><cmd:SafetyLevel>Safe to use with other data</cmd:SafetyLevel></cmd:UseWithOtherData><cmd:UseInMLOrAISystems><cmd:datasetUses>Unknown - then skip the rest of this section</cmd:datasetUses></cmd:UseInMLOrAISystems><cmd:Sampling><cmd:safetyLevel>Unknown - then skip the rest of this section</cmd:safetyLevel></cmd:Sampling></cmd:Uses></cmd:DataEnvelope></cmd:Components></cmd:CMD>
