<?xml version="1.0" encoding="UTF-8"?>
<cmd:CMD xmlns:xsi="http://www.w3.org/2001/XMLSchema-instance" xmlns:cmd="http://www.clarin.eu/cmd/" xsi:schemaLocation="http://www.clarin.eu/cmd/ http://catalog.clarin.eu/ds/ComponentRegistry/rest/registry/profiles/clarin.eu:cr1:p_1708423613599/xsd" CMDVersion="1.1"><cmd:Header><cmd:MdCreator>dataEnv</cmd:MdCreator><cmd:MdCreationDate>2024-06-18</cmd:MdCreationDate><cmd:MdSelfLink>unl://19</cmd:MdSelfLink><cmd:MdProfile>clarin.eu:cr1:p_1708423613607</cmd:MdProfile></cmd:Header><cmd:Resources><cmd:ResourceProxyList/><cmd:JournalFileProxyList/><cmd:ResourceRelationList/><cmd:IsPartOfList/></cmd:Resources><cmd:Components><cmd:DataEnvelope><cmd:BasicInformation><cmd:title xml:lang="none">Republic_Persons Version-0.1 Data-Envelope Version-1.0</cmd:title><cmd:ContactDetails><cmd:name>Ronald Sluijter</cmd:name><cmd:orcidID>https://orcid.org/0000-0002-2896-9986</cmd:orcidID><cmd:roleInProject>Data Curation</cmd:roleInProject><cmd:email>ronald.sluijter@huygens.knaw.nl</cmd:email></cmd:ContactDetails><cmd:Dates><cmd:creationDateFrom>2024-06-18</cmd:creationDateFrom></cmd:Dates><cmd:authorDataEnvelope><cmd:name>Ronald Sluijter</cmd:name><cmd:orcidID>https://orcid.org/0000-0002-2896-9986</cmd:orcidID><cmd:email>ronald.sluijter@huygens.knaw.nl</cmd:email></cmd:authorDataEnvelope></cmd:BasicInformation><cmd:BasicMetadata><cmd:Snapshot><cmd:title xml:lang="none">Republic_Persons</cmd:title><cmd:version>0.1 (sample)</cmd:version><cmd:description>The dataset is part of the output of the REPUBLIC-project, which provides access to the handwritten and printed resolutions of the Dutch States General 1576-1796. The dataset contains person entities (mainly the delegates of the provinces) that are mentioned in the attendant lists at the start of each meeting session or in the text of the resolutions itself. 
The motivation of creating the dataset is to facilitate searches to the person entities within the resolutions and to link these person entities to external datasets providing more information on them.</cmd:description><cmd:genre>Indexes</cmd:genre><cmd:topic>Databases for humanities</cmd:topic><cmd:topic>Public administration</cmd:topic><cmd:topic>History</cmd:topic><cmd:topic>Modern and contemporary history</cmd:topic><cmd:languages>English</cmd:languages><cmd:languageOther>Dutch</cmd:languageOther><cmd:GeographicalCoverage>The Netherlands</cmd:GeographicalCoverage><cmd:TemporalCoverage><cmd:yearFrom>1576</cmd:yearFrom><cmd:yearTo>1796</cmd:yearTo><cmd:additionalNotes>The temporal coverage refers to the resolutions from which the entities are extracted. Years of birth and death of the person entities may be earlier than 1576 or later than 1796.</cmd:additionalNotes></cmd:TemporalCoverage></cmd:Snapshot><cmd:Dates><cmd:dateFrom>1576-01-01</cmd:dateFrom><cmd:dateTo>1796-12-31</cmd:dateTo></cmd:Dates><cmd:CreatorsContributors><cmd:publishingOrganisation><cmd:Name>Huygens Institute for History and Culture of the Netherlands</cmd:Name><cmd:ROR>https://ror.org/04x6kq749</cmd:ROR><cmd:type>Academic/Research Insitution</cmd:type></cmd:publishingOrganisation><cmd:Creators><cmd:Name>Rik Hoekstra</cmd:Name><cmd:ORCID>https://orcid.org/0000-0002-6951-8014</cmd:ORCID><cmd:Organisation>Huygens Institute for History and Culture of the Netherlands</cmd:Organisation><cmd:ROR>https://ror.org/04x6kq749</cmd:ROR><cmd:Role>Software Development</cmd:Role><cmd:email>rik.hoekstra@di.huc.knaw.nl</cmd:email></cmd:Creators><cmd:funding><cmd:name>Nederlandse Organisatie voor Wetenschappelijk Onderzoek</cmd:name><cmd:ROR>https://ror.org/04jsz6e67</cmd:ROR><cmd:summary>Investment Grant NWO Large 2017-2018.</cmd:summary><cmd:link>https://www.nwo.nl/en/researchprogrammes/nwo-investment-grant-large/grants-awarded-2018</cmd:link></cmd:funding></cmd:CreatorsContributors><cmd:accessLicenses><cmd:access><cmd:accessLevel>Open Access</cmd:accessLevel></cmd:access></cmd:accessLicenses><cmd:versionMaintenance><cmd:version><cmd:currentVersion>0.1</cmd:currentVersion></cmd:version><cmd:maintenance><cmd:maintenanceStatus>Regularly maintained</cmd:maintenanceStatus></cmd:maintenance></cmd:versionMaintenance><cmd:feedbackElaboration><cmd:feedbackSectionTwo>The dataset is no published yet, therefore it's not possible at this stage to provide any of the above information.</cmd:feedbackSectionTwo></cmd:feedbackElaboration></cmd:BasicMetadata><cmd:Data><cmd:DataResourceDescription><cmd:nameOfResource>Republic_Persons</cmd:nameOfResource><cmd:Description>The dataset is part of the output of the REPUBLIC-project, which provides access to the handwritten and printed resolutions of the Dutch States General 1576-1796. The dataset contains person entities (mainly the delegates of the provinces) that are mentioned in the attendant lists at the start of each meeting session or in the text of the resolutions itself. 
The motivation of creating the dataset is to link these person entities to external datasets providing more information on them.</cmd:Description><cmd:path>not available yet</cmd:path><cmd:format>json</cmd:format><cmd:size>unknown yet</cmd:size><cmd:language>Dutch</cmd:language><cmd:dataSubjects><cmd:Subjects>	Non-sensitive data about people</cmd:Subjects></cmd:dataSubjects><cmd:dataModality><cmd:modality>Tabular Data</cmd:modality></cmd:dataModality></cmd:DataResourceDescription><cmd:dataFields><cmd:dataField><cmd:dataFieldName>republic_id</cmd:dataFieldName><cmd:dataFieldType>integer</cmd:dataFieldType><cmd:descriptionField>The identification number of the records in the dataset.</cmd:descriptionField><cmd:sensitivity>not sensitive</cmd:sensitivity></cmd:dataField><cmd:dataField><cmd:dataFieldName>name</cmd:dataFieldName><cmd:dataFieldType>string</cmd:dataFieldType><cmd:descriptionField>Surname of the person entities in the dataset.</cmd:descriptionField><cmd:sensitivity>not sensitive</cmd:sensitivity><cmd:usedVocabularies><cmd:vocabulary>Repertorium van Ambtsdragers en Ambtenaren</cmd:vocabulary><cmd:vocabularyLink>https://resources.huygens.knaw.nl/repertoriumambtsdragersambtenaren1428-1861</cmd:vocabularyLink></cmd:usedVocabularies></cmd:dataField><cmd:dataField><cmd:dataFieldName>periode_start</cmd:dataFieldName><cmd:dataFieldType>integer</cmd:dataFieldType><cmd:descriptionField>First year in which the person entity appears in the resolutions of the States-General.</cmd:descriptionField><cmd:sensitivity>not sensitive</cmd:sensitivity></cmd:dataField><cmd:dataField><cmd:dataFieldName>periode_end</cmd:dataFieldName><cmd:dataFieldType>integer</cmd:dataFieldType><cmd:descriptionField>Last year in which the person entity appears in the resolutions of the States-General.</cmd:descriptionField><cmd:sensitivity>not sensitive</cmd:sensitivity></cmd:dataField><cmd:dataField><cmd:dataFieldName>life_begin</cmd:dataFieldName><cmd:dataFieldType>integer</cmd:dataFieldType><cmd:descriptionField>Year of birth of the person entity.</cmd:descriptionField><cmd:sensitivity>not sensitive</cmd:sensitivity></cmd:dataField><cmd:dataField><cmd:dataFieldName>life_end</cmd:dataFieldName><cmd:dataFieldType>integer</cmd:dataFieldType><cmd:descriptionField>Year of death of the person entity.</cmd:descriptionField><cmd:sensitivity>not sensitive</cmd:sensitivity></cmd:dataField><cmd:dataField><cmd:dataFieldName>raa_persoonsnr</cmd:dataFieldName><cmd:dataFieldType>integer</cmd:dataFieldType><cmd:descriptionField>Identification in the dataset 'Repertorium van Ambtsdragers en Ambtenaren' (external dataset).</cmd:descriptionField><cmd:sensitivity>not sensitive</cmd:sensitivity></cmd:dataField></cmd:dataFields><cmd:dataFields><cmd:dataField><cmd:dataFieldName>provincie</cmd:dataFieldName><cmd:dataFieldType>string</cmd:dataFieldType><cmd:descriptionField>Name of province on behalf of which the person entity was delegated to the States General.</cmd:descriptionField><cmd:sensitivity>not sensitive</cmd:sensitivity></cmd:dataField></cmd:dataFields><cmd:dataExamples><cmd:typicalExample><cmd:description>A typical data point contains infomation in all columns of the dataset.</cmd:description></cmd:typicalExample><cmd:atypicalExample><cmd:atypdescription>Sometimes certain information is not available, e.g. a year of birth or death.</cmd:atypdescription></cmd:atypicalExample></cmd:dataExamples><cmd:errors><cmd:errordescription>The years of birth and death are derived from the external dataset 'Repertorium van Ambtsdragers en Ambtenaren. There may well be mistakes in these dates, which in some cases are derived from sources used by the compilers of the 'Repertorium'. </cmd:errordescription></cmd:errors><cmd:externalResources><cmd:resources>Yes</cmd:resources><cmd:extResources>Repertorium van Ambtsdragers en Ambtenaren</cmd:extResources><cmd:extResources>https://resources.huygens.knaw.nl/repertoriumambtsdragersambtenaren1428-1861</cmd:extResources></cmd:externalResources><cmd:socialImpact><cmd:safety><cmd:disclaimer>Not sure</cmd:disclaimer><cmd:specify>Some of the names of the person entities may be connected to slave trade in the past.</cmd:specify></cmd:safety><cmd:confidentiality><cmd:confidentialityBin>No</cmd:confidentialityBin></cmd:confidentiality><cmd:biases><cmd:knownBiases>The person entities represent the highest social class in this era. This is, however, not caused by bias of the compilers but by the fact that the delegates to the States General were recruited only from these class of society.</cmd:knownBiases><cmd:sensAttributes><cmd:sensitiveAttribute>None</cmd:sensitiveAttribute></cmd:sensAttributes></cmd:biases><cmd:ethicalReview><cmd:review>No</cmd:review></cmd:ethicalReview></cmd:socialImpact></cmd:Data><cmd:Uses><cmd:purposes>Research</cmd:purposes><cmd:domains>Historical research</cmd:domains><cmd:motivation>To facilitate searches to the person entities within the resolutions and to link these person entities to external datasets providing more information on them.</cmd:motivation><cmd:Use><cmd:datasetUse>Safe for research use</cmd:datasetUse><cmd:LinksToRelatedItems><cmd:relatedDatasets>Repertorium van Ambtsdragers en Ambtenaren</cmd:relatedDatasets></cmd:LinksToRelatedItems><cmd:SuitableUseCase><cmd:suitableUseCase>All types of historical research to the era 1576-1796.</cmd:suitableUseCase></cmd:SuitableUseCase></cmd:Use><cmd:UseWithOtherData><cmd:SafetyLevel>Safe to use with other data</cmd:SafetyLevel></cmd:UseWithOtherData><cmd:UseInMLOrAISystems><cmd:datasetUses>Unknown - then skip the rest of this section</cmd:datasetUses></cmd:UseInMLOrAISystems><cmd:Sampling><cmd:safetyLevel>Safe to sample</cmd:safetyLevel></cmd:Sampling></cmd:Uses></cmd:DataEnvelope></cmd:Components></cmd:CMD>
