<?xml version="1.0" encoding="UTF-8"?>
<cmd:CMD xmlns:xsi="http://www.w3.org/2001/XMLSchema-instance" xmlns:cmd="http://www.clarin.eu/cmd/" xsi:schemaLocation="http://www.clarin.eu/cmd/ http://catalog.clarin.eu/ds/ComponentRegistry/rest/registry/profiles/clarin.eu:cr1:p_1708423613599/xsd" CMDVersion="1.1"><cmd:Header><cmd:MdCreator>test</cmd:MdCreator><cmd:MdCreationDate>2024-05-30</cmd:MdCreationDate><cmd:MdSelfLink>unl://6</cmd:MdSelfLink><cmd:MdProfile>clarin.eu:cr1:p_1708423613607</cmd:MdProfile></cmd:Header><cmd:Resources><cmd:ResourceProxyList/><cmd:JournalFileProxyList/><cmd:ResourceRelationList/><cmd:IsPartOfList/></cmd:Resources><cmd:Components><cmd:DataEnvelope><cmd:BasicInformation><cmd:title xml:lang="nl">Emigratie 1945-1967 Versie-1 Data-Envelope Versie-1</cmd:title><cmd:title xml:lang="en">Emigration 1945-1967 Version-1 Data-Envelope Version-1</cmd:title><cmd:ContactDetails><cmd:name>Marijke van Faasen</cmd:name><cmd:orcidID>0000-0001-8618-6800</cmd:orcidID><cmd:roleInProject>Conceptualization</cmd:roleInProject><cmd:email>marijke.van.faassen@huygens.knaw.nl</cmd:email></cmd:ContactDetails><cmd:Dates><cmd:creationDateFrom>2024-05-07</cmd:creationDateFrom></cmd:Dates><cmd:authorDataEnvelope><cmd:name>Mrinalini Luthra</cmd:name><cmd:orcidID>0000-0001-5348-3673</cmd:orcidID><cmd:email>mrinalini.luthra@huygens.knaw.nl</cmd:email></cmd:authorDataEnvelope></cmd:BasicInformation><cmd:BasicMetadata><cmd:Snapshot><cmd:title xml:lang="nl">Emigratie 1945-1967</cmd:title><cmd:title xml:lang="en">Emigration 1945-1967</cmd:title><cmd:version>1</cmd:version><cmd:description>Deze onderzoeksgids biedt door institutionele beschrijvingen van de betrokken actoren inzicht in het functioneren van het Nederlandse emigratiebestel. Het ontsluit hun archiefmateriaal voor zover het betrekking heeft op het onderwerp emigratie. Doordat de betrokkenen niet alleen verantwoordelijk waren voor beleidsinitiëring maar ook voor de uitvoering ervan, bevat de gids tevens verwijzingen naar persoonsdossiers of enkele grote bestanden met persoonsgegevens van emigranten. Om de onderzoeker op het spoor te zetten van archivalia over Nederlandse emigratie en emigranten in buitenlandse archieven, is verkennend onderzoek gedaan in Australië (2003) en Canada (2005). Kwantitatief zijn dit de twee grootste bestemmingslanden voor Nederlanders in de onderzoeksperiode. De gids pretendeert geen volledigheid, maar wil door een combinatie van breedte- en diepteontsluiting vooral een handreiking bieden om zoekstrategieën of nieuwe vraagstellingen te ontwikkelen en zo verder wetenschappelijk onderzoek stimuleren.</cmd:description><cmd:genre>Document</cmd:genre><cmd:topic>History, other</cmd:topic><cmd:topicOther>History of Migration</cmd:topicOther><cmd:languages>Netherlands</cmd:languages><cmd:GeographicalCoverage>Netherlands, Australia, Canada </cmd:GeographicalCoverage><cmd:TemporalCoverage><cmd:yearFrom>1945</cmd:yearFrom><cmd:yearTo>1967</cmd:yearTo></cmd:TemporalCoverage></cmd:Snapshot><cmd:Dates><cmd:dateFrom>2001-01-01</cmd:dateFrom><cmd:dateTo>2007-01-01</cmd:dateTo></cmd:Dates><cmd:CreatorsContributors><cmd:publishingOrganisation><cmd:Name>Huygens Instituut</cmd:Name><cmd:ROR>https://ror.org/04x6kq749</cmd:ROR><cmd:type>Academic/Research Insitution</cmd:type></cmd:publishingOrganisation></cmd:CreatorsContributors></cmd:BasicMetadata></cmd:DataEnvelope></cmd:Components></cmd:CMD>
