<?xml version="1.0" encoding="UTF-8"?>
<cmd:CMD xmlns:xsi="http://www.w3.org/2001/XMLSchema-instance" xmlns:cmd="http://www.clarin.eu/cmd/" xsi:schemaLocation="http://www.clarin.eu/cmd/ http://catalog.clarin.eu/ds/ComponentRegistry/rest/registry/profiles/clarin.eu:cr1:p_1708423613599/xsd" CMDVersion="1.1"><cmd:Header><cmd:MdCreator>dataEnv</cmd:MdCreator><cmd:MdCreationDate>2024-06-11</cmd:MdCreationDate><cmd:MdSelfLink>unl://16</cmd:MdSelfLink><cmd:MdProfile>clarin.eu:cr1:p_1708423613607</cmd:MdProfile></cmd:Header><cmd:Resources><cmd:ResourceProxyList/><cmd:JournalFileProxyList/><cmd:ResourceRelationList/><cmd:IsPartOfList/></cmd:Resources><cmd:Components><cmd:DataEnvelope><cmd:BasicInformation><cmd:title xml:lang="none">Collectie Transcripties van geluidsbanden (scans) behorende bij de Nederlandse Dialectenbank, (ca.1955-1973) Data Envelope 1.0</cmd:title><cmd:ContactDetails><cmd:name>Douwe Zeldenrust</cmd:name><cmd:orcidID>https://orcid.org/0009-0003-6393-8370</cmd:orcidID><cmd:roleInProject>Data Curation</cmd:roleInProject><cmd:email>douwe.zeldenrust@huygens.knaw.nl</cmd:email></cmd:ContactDetails><cmd:Dates><cmd:creationDateFrom>2024-06-10</cmd:creationDateFrom><cmd:creationDateTo>2024-06-11</cmd:creationDateTo><cmd:publicationDate>2024-06-11</cmd:publicationDate></cmd:Dates><cmd:authorDataEnvelope><cmd:name>Judith Brouwer</cmd:name><cmd:orcidID>https://orcid.org/0000-0002-9219-5348</cmd:orcidID><cmd:email>judith.brouwer@huuygens.knaw.nl</cmd:email></cmd:authorDataEnvelope></cmd:BasicInformation><cmd:BasicMetadata><cmd:Snapshot><cmd:title xml:lang="none">Collectie Transcripties van geluidsbanden (scans) behorende bij de Nederlandse Dialectenbank, (ca.1955-1973), 2003 - 2013</cmd:title><cmd:version>1.0</cmd:version><cmd:description>The Dialectology and Ethnology departments made (about 5,000) recordings of dialect speakers and storytellers, among others. Transcriptions have been made of the recorded texts. 
The collection is digital and consists of scans of a selection of transcriptions of the free conversations (soundbites) recorded in the Netherlands and Flanders. There is both an anonymised version of the transcriptions and a non-anonymised one. In total, more than 11,000 scans are involved. The transcripts are available as JPEG (anonymised) and as TIFF. The anonymised version can be consulted web-based (just like the audio tapes) via the Meertens Institute website.

As part of the KNAW project Stimulating Open Access (2012), the scans have also been stored at DANS (both anonymised and non-anonymised). 
</cmd:description><cmd:genreOther>dialect; storytelling</cmd:genreOther><cmd:topic>Linguistics</cmd:topic><cmd:topicOther>Ethnology</cmd:topicOther><cmd:languages>Dutch</cmd:languages><cmd:GeographicalCoverage>The Netherlands; Flanders</cmd:GeographicalCoverage><cmd:TemporalCoverage><cmd:yearFrom>1890</cmd:yearFrom><cmd:yearTo>1980</cmd:yearTo></cmd:TemporalCoverage></cmd:Snapshot><cmd:Dates><cmd:dateFrom>1955-01-01</cmd:dateFrom><cmd:dateTo>1973-12-31</cmd:dateTo><cmd:datasetPublicationDate>2015-01-26</cmd:datasetPublicationDate></cmd:Dates><cmd:CreatorsContributors><cmd:publishingOrganisation><cmd:Name>Meertens Institute</cmd:Name><cmd:ROR>https://ror.org/05kaxyq51</cmd:ROR><cmd:type>Academic/Research Insitution</cmd:type></cmd:publishingOrganisation><cmd:Creators><cmd:Name>Douwe Zeldenrust</cmd:Name><cmd:ORCID>https://orcid.org/0009-0003-6393-8370</cmd:ORCID><cmd:Organisation>Meertens Institute</cmd:Organisation><cmd:ROR>https://ror.org/05kaxyq51</cmd:ROR><cmd:email>douwe.zeldenrust@huygens.knaw.nl</cmd:email></cmd:Creators><cmd:contributors><cmd:name>Marc van Oostendorp</cmd:name><cmd:organisation>Meertens Institute</cmd:organisation><cmd:descriptionContribution>research</cmd:descriptionContribution></cmd:contributors><cmd:funding><cmd:name>Royal Netherlands Academy of Arts and Sciences</cmd:name><cmd:ROR>https://ror.org/043c0p156</cmd:ROR><cmd:summary>The Academy is the forum, the voice and the conscience of science in the Netherlands. Its institutes lead the way here and abroad with their research and collections. Its activities are based on the conviction that knowledge and creativity are the most important ingredients for well-being and prosperity.</cmd:summary><cmd:link>www.knaw.nl</cmd:link></cmd:funding></cmd:CreatorsContributors><cmd:distribution><cmd:repository>https://ndb.meertens.knaw.nl/</cmd:repository></cmd:distribution><cmd:accessLicenses><cmd:access><cmd:accessLevel>Restricted Access</cmd:accessLevel><cmd:accessRestricted><cmd:description>General Data Protection Regulation; dataset contains personal data</cmd:description><cmd:contactEmail>douwe.zeldenrust@huygens.knaw.nl</cmd:contactEmail></cmd:accessRestricted></cmd:access></cmd:accessLicenses><cmd:versionMaintenance><cmd:maintenance><cmd:maintenanceStatus>Limited Maintenance</cmd:maintenanceStatus></cmd:maintenance></cmd:versionMaintenance></cmd:BasicMetadata><cmd:Data><cmd:DataResourceDescription><cmd:nameOfResource>Collectie Transcripties van geluidsbanden (scans) behorende bij de Nederlandse Dialectenbank, (ca.1955-1973), 2003 - 2013</cmd:nameOfResource><cmd:Description>Scans of transcriptions.</cmd:Description><cmd:format>tiff; jpeg</cmd:format><cmd:size>17 GB</cmd:size><cmd:date>2003-01-01</cmd:date><cmd:language>Dutch</cmd:language><cmd:dataSubjects><cmd:Subjects>Sensitive data about people</cmd:Subjects></cmd:dataSubjects><cmd:dataModality><cmd:modality>Text Data</cmd:modality></cmd:dataModality></cmd:DataResourceDescription><cmd:dataFields><cmd:dataField><cmd:sensitivity>sensitive/personal data</cmd:sensitivity></cmd:dataField></cmd:dataFields><cmd:errors><cmd:errordescription>The transcriptions were made without specific directions or rules. </cmd:errordescription></cmd:errors><cmd:externalResources><cmd:resources>Yes</cmd:resources><cmd:extResources>https://ndb.meertens.knaw.nl/</cmd:extResources></cmd:externalResources><cmd:socialImpact><cmd:safety><cmd:disclaimer>Not sure</cmd:disclaimer><cmd:specify>Some folk tales might be offensive/insulting</cmd:specify></cmd:safety><cmd:confidentiality><cmd:confidentialityBin>No</cmd:confidentialityBin></cmd:confidentiality><cmd:biases><cmd:knownBiases>Probably.</cmd:knownBiases><cmd:sensAttributes><cmd:unintentionalAttribute>The collection contains over 1000 hours of audio. That is 6 weeks of non-stop listening. We haven't had the time to go through all the audio. So, probably the audio contains sensitive human attributes.</cmd:unintentionalAttribute></cmd:sensAttributes></cmd:biases><cmd:ethicalReview><cmd:review>No</cmd:review></cmd:ethicalReview></cmd:socialImpact><cmd:dataProvenance><cmd:creatorName>Employees of the Meertens Institute</cmd:creatorName><cmd:creatorOrganisation>Meertens Institute</cmd:creatorOrganisation><cmd:yearPublication>1973</cmd:yearPublication><cmd:language>Dutch</cmd:language><cmd:temporalScope>1953 - 1973</cmd:temporalScope><cmd:geographicalScope>Netherland (Flanders)</cmd:geographicalScope></cmd:dataProvenance></cmd:Data><cmd:Uses><cmd:purposes>Research</cmd:purposes><cmd:domains>linguistics</cmd:domains><cmd:domains>ethnology</cmd:domains><cmd:Use><cmd:datasetUse>Conditional use-some unsafe applications (Please specify below)</cmd:datasetUse><cmd:datasetUseSpecify>online publication via the website of the Meertens Institute (calculated GDPR risk)</cmd:datasetUseSpecify><cmd:LinksToRelatedItems><cmd:publications>https://pure.knaw.nl/ws/portalfiles/portal/714669/DHBenelux_AccessToData_DZ.pdf</cmd:publications><cmd:relatedDatasets>Collection number 2010 Meertens Institute (audio collection)</cmd:relatedDatasets></cmd:LinksToRelatedItems></cmd:Use><cmd:UseWithOtherData><cmd:SafetyLevel>Conditionally safe to use with other data</cmd:SafetyLevel><cmd:safetyLevelOther>Audio, linguistic data. </cmd:safetyLevelOther></cmd:UseWithOtherData><cmd:UseInMLOrAISystems><cmd:datasetUses>Development or Production Use</cmd:datasetUses><cmd:otherDatasetUses>Used for: Corpus Creation and Automatic Alignment of Historical Dutch Dialect Speech</cmd:otherDatasetUses></cmd:UseInMLOrAISystems></cmd:Uses></cmd:DataEnvelope></cmd:Components></cmd:CMD>
