<?xml version="1.0" encoding="UTF-8"?>
<cmd:CMD xmlns:xsi="http://www.w3.org/2001/XMLSchema-instance" xmlns:cmd="http://www.clarin.eu/cmd/" xsi:schemaLocation="http://www.clarin.eu/cmd/ http://catalog.clarin.eu/ds/ComponentRegistry/rest/registry/profiles/clarin.eu:cr1:p_1708423613599/xsd" CMDVersion="1.1"><cmd:Header><cmd:MdCreator>test</cmd:MdCreator><cmd:MdCreationDate>2024-05-06</cmd:MdCreationDate><cmd:MdSelfLink>unl://4</cmd:MdSelfLink><cmd:MdProfile>clarin.eu:cr1:p_1708423613607</cmd:MdProfile></cmd:Header><cmd:Resources><cmd:ResourceProxyList/><cmd:JournalFileProxyList/><cmd:ResourceRelationList/><cmd:IsPartOfList/></cmd:Resources><cmd:Components><cmd:DataEnvelope><cmd:BasicInformation><cmd:title xml:lang="en">Bookkeeper-General Batavia version 1 Data-envelope version 1</cmd:title><cmd:ContactDetails><cmd:name>Bente Frissen</cmd:name><cmd:orcidID>0009-0002-5864-5306</cmd:orcidID></cmd:ContactDetails><cmd:Dates><cmd:creationDateFrom>2024-02-29</cmd:creationDateFrom></cmd:Dates></cmd:BasicInformation><cmd:BasicMetadata><cmd:Snapshot><cmd:title xml:lang="none">Bookkeeper-General Batavia</cmd:title><cmd:version>1</cmd:version><cmd:description>The database Bookkeeper-General Batavia provides a wealth of information about the circulation of commodities and the voyages of the Verenigde Oost-Indische Compagnie in the eighteenth century between the Dutch Republic and Asia. The information was taken from the administration of the Bookkeeper-General located in Batavia. Of this information only 55 years of administration has survived, making it an important source of research into the VOC. </cmd:description><cmd:genre>Legal cases and case notes</cmd:genre><cmd:topic>colonial history</cmd:topic><cmd:topic>global history</cmd:topic><cmd:topic>Dutch-East India Company</cmd:topic><cmd:languages>en</cmd:languages><cmd:languages>nl</cmd:languages><cmd:GeographicalCoverage>Dutch Republic, Asia</cmd:GeographicalCoverage><cmd:TemporalCoverage><cmd:yearFrom>1700</cmd:yearFrom><cmd:yearTo>1801</cmd:yearTo></cmd:TemporalCoverage></cmd:Snapshot><cmd:Dates><cmd:dateFrom>2008</cmd:dateFrom><cmd:dateTo>2013</cmd:dateTo></cmd:Dates><cmd:Contributors><cmd:publishingOrganisation><cmd:Name>Huygens Instituut</cmd:Name><cmd:ROR>https://ror.org/04x6kq749</cmd:ROR><cmd:type>Academic/Research Insitution</cmd:type><cmd:other>Facility</cmd:other></cmd:publishingOrganisation><cmd:Contributor><cmd:Name>Judith Schooneveld-Oosterling</cmd:Name><cmd:ORCID>n/a</cmd:ORCID><cmd:Organisation>Huygens Instituut</cmd:Organisation><cmd:ROR>https://ror.org/04x6kq749</cmd:ROR></cmd:Contributor><cmd:funding><cmd:name>Stichting VOC Fonds</cmd:name><cmd:summary>Main sponsor</cmd:summary></cmd:funding><cmd:funding><cmd:name>Vaderlands Fonds ter Aanmoediging van 's Lands Zeedienst</cmd:name></cmd:funding><cmd:funding><cmd:name>Directie Oostersche Handel en Reederijen</cmd:name></cmd:funding><cmd:funding><cmd:name>Stichting Admiraal van Kinsbergenfonds</cmd:name></cmd:funding><cmd:funding><cmd:name>Dr. Hendrik Muller's Vaderlandsch Fonds</cmd:name></cmd:funding><cmd:funding><cmd:name>M.A.O.C. Gravin van Bylandt Stichting</cmd:name></cmd:funding></cmd:Contributors><cmd:distribution><cmd:datasetlink>https://bgb.huygens.knaw.nl</cmd:datasetlink><cmd:download><cmd:link>Multiple places on the website from where the csv files can be downloaded</cmd:link><cmd:filetype>csv</cmd:filetype></cmd:download></cmd:distribution><cmd:accessLicenses><cmd:licensingInformation><cmd:identifier>CC BY-NC-SA 4.0</cmd:identifier><cmd:url>https://creativecommons.org/licenses/by-nc-sa/4.0/</cmd:url></cmd:licensingInformation><cmd:access><cmd:accessLevel>Open Access</cmd:accessLevel></cmd:access></cmd:accessLicenses><cmd:versionMaintenance><cmd:version><cmd:currentVersion>1</cmd:currentVersion><cmd:lastUpdated>2013</cmd:lastUpdated><cmd:releaseDate>2013</cmd:releaseDate></cmd:version><cmd:maintenance><cmd:maintenanceStatus>Limited Maintenance</cmd:maintenanceStatus></cmd:maintenance></cmd:versionMaintenance></cmd:BasicMetadata><cmd:Data><cmd:DataResourceDescription><cmd:nameOfResource>Voyages</cmd:nameOfResource><cmd:Description>description</cmd:Description><cmd:path>https://bgb.resources.huygens.knaw.nl/voyages_results</cmd:path><cmd:format>xls</cmd:format><cmd:size>3.204.608 bytes</cmd:size><cmd:dataSubjects><cmd:Subjects>Data about places and object</cmd:Subjects></cmd:dataSubjects><cmd:dataModality><cmd:modality>Text Data</cmd:modality></cmd:dataModality><cmd:descriptiveStatistics><cmd:statistics>18322 voyages</cmd:statistics></cmd:descriptiveStatistics></cmd:DataResourceDescription><cmd:annotations><cmd:annotationCharacteristics><cmd:annotationWorkforceType>Unlabeled (no annotations)</cmd:annotationWorkforceType></cmd:annotationCharacteristics></cmd:annotations><cmd:socialImpact><cmd:safety><cmd:disclaimer>Not sure</cmd:disclaimer><cmd:specify>Some labels, characterizations and information about persons, actions and events used by the VOC in the original documents may be offensive and troubling to individuals and communities</cmd:specify></cmd:safety><cmd:confidentiality><cmd:confidentialityBin>No</cmd:confidentialityBin></cmd:confidentiality><cmd:biases><cmd:sensAttributes><cmd:sensitiveAttribute>Others (please specify)</cmd:sensitiveAttribute><cmd:specify>Unclear, but it might be considered sensitive.</cmd:specify></cmd:sensAttributes></cmd:biases><cmd:ethicalReview><cmd:review>No</cmd:review></cmd:ethicalReview></cmd:socialImpact><cmd:dataProvenance><cmd:Name>Bookkeeper-General in Batavia archives</cmd:Name><cmd:path>https://www.nationaalarchief.nl/onderzoeken/archief/1.04.18.02</cmd:path><cmd:description>Archive created in Batavia from 1699 to 1801, which was brought to the Netherlands in the 19th century. It contains the financial administration of trade and transport of goods in the form of general ledgers, and general journals.</cmd:description><cmd:creatorName>National Archives of the Netherlands, https://www.nationaalarchief.nl/</cmd:creatorName><cmd:yearPublication>1893</cmd:yearPublication><cmd:language>nl</cmd:language><cmd:dataSelection>The general journals contain a large amount of information addition to that used for the database, such as bills of exchange, legacies, overviews of stocks on the 31st of August, as well as overviews of profits, income and expenditure for every Asian office. Within the scope of this project, it would not have been feasible to enter all this data. The data entered only consists of the lists of commodities shipped from the Chambers of the Company in the Netherlands to the Asian offices and vice versa, which includes the ships that stopped at the Cape, and of the lists of commodities transported between the different branches in Asia. </cmd:dataSelection></cmd:dataProvenance></cmd:Data><cmd:Data><cmd:DataResourceDescription><cmd:nameOfResource>Cargo</cmd:nameOfResource><cmd:path/><cmd:format>xls</cmd:format><cmd:dataSubjects><cmd:Subjects>Data about places and object</cmd:Subjects></cmd:dataSubjects><cmd:dataModality><cmd:modality>Tabular Data</cmd:modality></cmd:dataModality></cmd:DataResourceDescription><cmd:dataFields><cmd:dataField><cmd:dataFieldName>Cargo</cmd:dataFieldName></cmd:dataField></cmd:dataFields><cmd:annotations><cmd:annotationCharacteristics><cmd:annotationWorkforceType>Unlabeled (no annotations)</cmd:annotationWorkforceType></cmd:annotationCharacteristics></cmd:annotations></cmd:Data><cmd:Uses><cmd:purposes>Research</cmd:purposes><cmd:domains>History; trade studies; area studies</cmd:domains><cmd:motivation>The information provides a uniquely detailed and extensive insight into the dealings of one of the main players in the world trade in the eighteenth century.</cmd:motivation><cmd:Use><cmd:datasetUse>Safe for research use</cmd:datasetUse><cmd:datasetUseSpecify>However, the language of the archive reflects the period in which the records were created and the prevailing societal attitudes of the time. Please use the material with consideration. </cmd:datasetUseSpecify><cmd:SuitableUseCase><cmd:suitableUseCase>The dataset can be used to research voyages and commodities as cargo that were used in eighteenth century trade situations connected to the VOC.</cmd:suitableUseCase></cmd:SuitableUseCase></cmd:Use><cmd:UseWithOtherData><cmd:SafetyLevel>Conditionally safe to use with other data</cmd:SafetyLevel><cmd:knownSafeDatasetsDataTypes>Dutch-Asiatic Shipping in the 17th and 18th centuries. Take the sensitivities and biases in the documents into account when using this dataset with other datasets or data types. The language of the archive reflects the period in which the records were created and the prevailing societal attitudes of the time. Please approach the material with consideration when conjoining the dataset with other datasets. </cmd:knownSafeDatasetsDataTypes></cmd:UseWithOtherData><cmd:UseInMLOrAISystems><cmd:datasetUses>Unknown - then skip the rest of this section</cmd:datasetUses></cmd:UseInMLOrAISystems><cmd:Sampling><cmd:safetyLevel>Safe to sample</cmd:safetyLevel></cmd:Sampling></cmd:Uses><cmd:HumanPerspective><cmd:HumanAnnotators><cmd:annotatorDescription>n/a</cmd:annotatorDescription></cmd:HumanAnnotators></cmd:HumanPerspective></cmd:DataEnvelope></cmd:Components></cmd:CMD>
