<?xml version="1.0" encoding="UTF-8"?>
<cmd:CMD xmlns:xsi="http://www.w3.org/2001/XMLSchema-instance" xmlns:cmd="http://www.clarin.eu/cmd/" xsi:schemaLocation="http://www.clarin.eu/cmd/ http://catalog.clarin.eu/ds/ComponentRegistry/rest/registry/profiles/clarin.eu:cr1:p_1708423613599/xsd" CMDVersion="1.1"><cmd:Header><cmd:MdCreator>dataEnv</cmd:MdCreator><cmd:MdCreationDate>2024-06-19</cmd:MdCreationDate><cmd:MdSelfLink>unl://12</cmd:MdSelfLink><cmd:MdProfile>clarin.eu:cr1:p_1708423613607</cmd:MdProfile></cmd:Header><cmd:Resources><cmd:ResourceProxyList/><cmd:JournalFileProxyList/><cmd:ResourceRelationList/><cmd:IsPartOfList/></cmd:Resources><cmd:Components><cmd:DataEnvelope><cmd:BasicInformation><cmd:title xml:lang="en">CHIIR 2016-2023 publication citation contexts - Data-Envelope V-1</cmd:title><cmd:ContactDetails><cmd:name>Marijn Koolen</cmd:name><cmd:orcidID>0000-0002-0301-2029</cmd:orcidID><cmd:roleInProject>Conceptualization</cmd:roleInProject><cmd:roleInProject>Data Curation</cmd:roleInProject><cmd:roleInProject>Writing - original draft</cmd:roleInProject><cmd:roleInProject>Methodology</cmd:roleInProject><cmd:roleInProject>Formal Analysis</cmd:roleInProject><cmd:email>marijn.koolen@di.huc.knaw.nl</cmd:email></cmd:ContactDetails><cmd:Dates><cmd:creationDateFrom>2024-05-27</cmd:creationDateFrom></cmd:Dates><cmd:authorDataEnvelope><cmd:name>Marijn Koolen</cmd:name><cmd:orcidID>0000-0002-0301-2029</cmd:orcidID><cmd:email>marijn.koolen@di.huc.knaw.nl</cmd:email></cmd:authorDataEnvelope></cmd:BasicInformation><cmd:BasicMetadata><cmd:Snapshot><cmd:title xml:lang="en">CHIIR 2016-2023 publication citation contexts </cmd:title><cmd:version>1</cmd:version><cmd:description>This dataset accompanies the ACM CHIIR 2024 full paper "The Impact of CHIIR: A Study of Eight Years of CHIIR Publications". It includes citation counts and contexts of the CHIIR publications that have been annotated with citation motivations. </cmd:description><cmd:genre>Statistics</cmd:genre><cmd:genre>Bibliographic data</cmd:genre><cmd:genreOther>cita</cmd:genreOther><cmd:topic>Information systems, databases</cmd:topic><cmd:topicOther>bibliometrics</cmd:topicOther><cmd:topicOther>information interaction</cmd:topicOther><cmd:languages>EN</cmd:languages><cmd:GeographicalCoverage>World</cmd:GeographicalCoverage><cmd:TemporalCoverage><cmd:yearFrom>2016</cmd:yearFrom><cmd:yearTo>2023</cmd:yearTo><cmd:additionalNotes>Both the published CHIIR papers and the information about the citing papers is limited to 2016-2023.</cmd:additionalNotes></cmd:TemporalCoverage></cmd:Snapshot><cmd:Dates><cmd:dateFrom>2023-07-05</cmd:dateFrom><cmd:dateTo>2024-01-02</cmd:dateTo><cmd:datasetPublicationDate>2024-01-02</cmd:datasetPublicationDate></cmd:Dates><cmd:CreatorsContributors><cmd:publishingOrganisation><cmd:Name>IT University Copenhagen</cmd:Name><cmd:ROR>https://ror.org/02309jg23</cmd:ROR><cmd:type>Academic/Research Insitution</cmd:type></cmd:publishingOrganisation><cmd:publishingOrganisation><cmd:Name>Huygens Institute</cmd:Name><cmd:ROR>https://ror.org/04x6kq749</cmd:ROR><cmd:type>Academic/Research Insitution</cmd:type></cmd:publishingOrganisation><cmd:publishingOrganisation><cmd:Name>Open University</cmd:Name><cmd:ROR>https://ror.org/05mzfcs16</cmd:ROR><cmd:type>Academic/Research Insitution</cmd:type></cmd:publishingOrganisation><cmd:publishingOrganisation><cmd:Name>Humboldt Universtität zu Berlin</cmd:Name><cmd:ROR>https://ror.org/01hcx6992</cmd:ROR><cmd:type>Academic/Research Insitution</cmd:type></cmd:publishingOrganisation><cmd:publishingOrganisation><cmd:Name>Aalborg University</cmd:Name><cmd:ROR>https://ror.org/04m5j1k67</cmd:ROR><cmd:type>Academic/Research Insitution</cmd:type></cmd:publishingOrganisation><cmd:Creators><cmd:Name>Toine Bogers</cmd:Name><cmd:ORCID>0000-0003-0716-676X</cmd:ORCID><cmd:Organisation>IT University Copenhagen</cmd:Organisation><cmd:Role>Conceptualisation</cmd:Role><cmd:Role>Writing - review and editing</cmd:Role><cmd:Role>Writing - original draft</cmd:Role><cmd:Role>Methodology</cmd:Role><cmd:Role>Formal Analysis</cmd:Role><cmd:Role>Data Curation</cmd:Role></cmd:Creators></cmd:CreatorsContributors><cmd:distribution><cmd:datasetlink>10.5281/zenodo.10450343</cmd:datasetlink><cmd:repository>https://zenodo.org/records/10450344</cmd:repository><cmd:download><cmd:link>https://zenodo.org/records/10450344</cmd:link></cmd:download></cmd:distribution><cmd:accessLicenses><cmd:licensingInformation><cmd:identifier>Creative Commons Attribution 4.0 International</cmd:identifier><cmd:url>https://creativecommons.org/licenses/by/4.0/legalcode</cmd:url></cmd:licensingInformation><cmd:access><cmd:accessLevel>Open Access</cmd:accessLevel></cmd:access></cmd:accessLicenses><cmd:versionMaintenance><cmd:version><cmd:currentVersion>1</cmd:currentVersion><cmd:lastUpdated>2024-01-02</cmd:lastUpdated><cmd:releaseDate>2024-01-02</cmd:releaseDate></cmd:version><cmd:maintenance><cmd:maintenanceStatus>Limited Maintenance</cmd:maintenanceStatus></cmd:maintenance><cmd:maintenancePlan><cmd:updates>This dataset will most likely not be updated.</cmd:updates><cmd:feedback>marijn.koolen@di.huc.knaw.nl</cmd:feedback></cmd:maintenancePlan></cmd:versionMaintenance></cmd:BasicMetadata><cmd:Data><cmd:DataResourceDescription><cmd:nameOfResource>annotations-chiir_papers-citation_contexts-anon.csv</cmd:nameOfResource><cmd:Description>This file contains the class labels that were manually assigned per citation context. The class labels indicate the motivation for the citing paper to cite the cited paper. When a citing paper cites the cited paper multiple times, each citation has its own context and its own motivation.</cmd:Description><cmd:path>https://zenodo.org/records/10450344/files/all-data.tsv?download=1</cmd:path><cmd:format>.csv</cmd:format><cmd:size>27</cmd:size><cmd:date>2024-01-02</cmd:date><cmd:language>EN</cmd:language><cmd:encoding>UTF-8</cmd:encoding><cmd:dataSubjects><cmd:Subjects>Others</cmd:Subjects><cmd:other>sentences from published papers</cmd:other></cmd:dataSubjects><cmd:dataModality><cmd:modality>Tabular Data</cmd:modality></cmd:dataModality><cmd:descriptiveStatistics><cmd:statistics>2736 rows with citation data, 1460 with motivation annotations</cmd:statistics></cmd:descriptiveStatistics></cmd:DataResourceDescription><cmd:dataFields><cmd:dataField><cmd:dataFieldName>cited_title</cmd:dataFieldName><cmd:dataFieldType>string</cmd:dataFieldType><cmd:descriptionField>The title of the cited paper as extracted from Google Scholar.</cmd:descriptionField><cmd:sensitivity>No sensitive information</cmd:sensitivity></cmd:dataField><cmd:dataField><cmd:dataFieldName>Background</cmd:dataFieldName><cmd:dataFieldType>integer</cmd:dataFieldType><cmd:descriptionField>This is a binary field that indicates whether the cited paper is used by the citing paper as background information in this particular context.</cmd:descriptionField><cmd:usedVocabularies><cmd:vocabulary>The citation motivation scheme contains 6 top level motivations and 6 sub-categories. The scheme is adapted from: David Pride and Petr Knoth. 2020. An Authoritative Approach to Citation Classi- fication. In Proceedings of the ACM/IEEE Joint Conference on Digital Libraries in 2020 (Virtual Event, China) (JCDL ’20). Association for Computing Machinery, New York, NY, USA, 337–340. https://doi.org/10.1145/3383583.3398617</cmd:vocabulary></cmd:usedVocabularies></cmd:dataField></cmd:dataFields><cmd:dataExamples><cmd:typicalExample><cmd:description>A typical data point is a citation context (the sentence containing the citation and the surrounding sentences), the identifiers, authors and titles of the citing and cited papers, and indiciators of the citation motivations, the label indicating which annotator made the annotation, and their confidence in their choice. </cmd:description><cmd:link>2nd row in the dataset</cmd:link></cmd:typicalExample><cmd:atypicalExample><cmd:atypdescription>An atypical example is a row where the citation context sentence does not contain a citation. In this case, the "not a citation" column is checked (has the value 1).</cmd:atypdescription><cmd:atyplink>1st row in the dataset</cmd:atyplink></cmd:atypicalExample></cmd:dataExamples><cmd:errors><cmd:errordescription>The citation contexts from extracted algorithmically, as well as the identifier of the cited paper. In both steps there are mistakes.  The citation extraction system (GROBID) sometimes identifies phrases as citations when they are not, and sometimes links the citation to the incorrect reference in the citing paper's reference list. The Python script to link the title of cited paper as mentioned in the citing paper to the metadata of the cited paper sometimes incorrectly links them and sometimes cannot identify the correct paper. </cmd:errordescription></cmd:errors><cmd:externalResources><cmd:resources>Yes</cmd:resources></cmd:externalResources><cmd:annotations><cmd:annotationCharacteristics><cmd:annotationWorkforceType>Human Annotations (Expert, Contractors)</cmd:annotationWorkforceType><cmd:description>The annotations were made by students of the Information Science master at Humboldt who were hired through an internship contract</cmd:description><cmd:totalAnnotations>1460</cmd:totalAnnotations><cmd:totalTokens>1561</cmd:totalTokens></cmd:annotationCharacteristics></cmd:annotations><cmd:socialImpact><cmd:safety><cmd:disclaimer>No</cmd:disclaimer></cmd:safety><cmd:confidentiality><cmd:confidentialityBin>No</cmd:confidentialityBin><cmd:specify>annotators have been anonymised</cmd:specify></cmd:confidentiality><cmd:biases><cmd:knownBiases>It is possible that the annotators avoided choosing certain motivations when they weren't sure. The Background motivation is the safest choice, so in cases of uncertainty, this may have been treated as a fallback category.</cmd:knownBiases><cmd:stepsToReduceBias>The tasks was discussed between the annotators and two of the study authors. The annotators indicated their confidence on a three-level scale (high, medium, low) and all annotations labelled with medium and low confidence were checked by one of the authors as an additional annotator.</cmd:stepsToReduceBias><cmd:sensAttributes><cmd:sensitiveAttribute>None</cmd:sensitiveAttribute></cmd:sensAttributes></cmd:biases><cmd:ethicalReview><cmd:review>No</cmd:review></cmd:ethicalReview></cmd:socialImpact><cmd:dataProvenance><cmd:Name>ACM Digital Library</cmd:Name><cmd:path>https://dl.acm.org</cmd:path><cmd:description>The ACM digital library contains the metadata and full text of papers published by the ACM. We used it to download the PDFs and metadata of the papers published as part of the CHIIR conference series. </cmd:description><cmd:creatorOrganisation>Association of Computing Machinery</cmd:creatorOrganisation><cmd:language>EN</cmd:language></cmd:dataProvenance><cmd:dataProvenance><cmd:Name>Google Scholar</cmd:Name><cmd:path>https://scholar.google.com</cmd:path><cmd:description>Google Scholar is a bibliographic database. We used it to download citation counts and citation information (which publications cited which CHIIR paper). </cmd:description><cmd:creatorOrganisation>Google</cmd:creatorOrganisation><cmd:language>EN</cmd:language><cmd:notableFeatures>Notable features are explicit links from indexed publications to the authors of those publications, as well as explicit links between publications and later publications that cite it. This allows one to explore the data as a multi-type network, with links between citing and cited publications and between publications and their authors.  

The main issues are that the metadata that was extracted by Google Scholar from publications and publication metadata contain mistakes at every level. Sometimes titles and authors of publication have been incorrectly identified. The publication venue is sometimes incorrect and sometimes imcomplete. The citation information (which publication cites which other publication) contains mistakes.</cmd:notableFeatures><cmd:datasheetEnvelope>N.A.</cmd:datasheetEnvelope></cmd:dataProvenance><cmd:digitisation><cmd:digitalisationPipeline>No digitisation steps were taken. The starting point is a selection of digital born documents. </cmd:digitalisationPipeline></cmd:digitisation><cmd:feedbackElaboration><cmd:feedbackSectionThree>I doubt about how much to duplicate from the information that is in the repository itself and what is described in the publication that accompanies this dataset. I guess ideally the structured data from the repository is automatically extracted and used to prefill the relevant fields.</cmd:feedbackSectionThree></cmd:feedbackElaboration></cmd:Data><cmd:Uses><cmd:purposes>Research</cmd:purposes><cmd:domains>The main domain of application are scientometrics, bibliometrics and evaluation of the domain of interactive information retrieval. </cmd:domains><cmd:motivation>The main motivations for creating this dataset are a push towards better documentation of research designs, research data and infrastructure, and research publications, and to investigate and demonstrate whether there is a relationship between, on the one hand, the level of documentation and sharing of resources, and on the other hand, the impact in terms of reuse and citation. Because of these underlying questions, the focus for constructing the dataset was on annotating aspects of use and reuse of research designs, data and infrastructure, which were not specific categories in the original classification scheme for citation motivation that we adapted. </cmd:motivation><cmd:Use><cmd:datasetUse>Safe for research use</cmd:datasetUse><cmd:LinksToRelatedItems><cmd:publications>https://dl.acm.org/doi/abs/10.1145/3627508.3638338</cmd:publications></cmd:LinksToRelatedItems><cmd:SuitableUseCase><cmd:suitableUseCase>Replication of results. 
Studying motivations for citing specific papers published at CHIIR (only the ones that are fully annotated). </cmd:suitableUseCase></cmd:SuitableUseCase><cmd:UnsuitableUseCase><cmd:unsuitableUseCase>Study of domains affected by CHIIR, study of the network of authors</cmd:unsuitableUseCase><cmd:additionalNotes>The metadata of the citing papers contains mistakes and is in places incomplete, so studying the domains that are affected by CHIIR publications </cmd:additionalNotes></cmd:UnsuitableUseCase></cmd:Use><cmd:UseWithOtherData><cmd:SafetyLevel>Conditionally safe to use with other data</cmd:SafetyLevel><cmd:knownSafeDatasetsDataTypes>It is (maybe) safe to combine this dataset with other citation motivation dataset that were generated from the same sources (around the same time, i.e. 2023), i.e. using metadata from Google Scholar via the SerpAPI and additional metadata using the Altmetric API and OpenAlex API.</cmd:knownSafeDatasetsDataTypes><cmd:KnownUnsafeDatasetsDataTypes>Do not use this in combination with bibliometric datasets derived from e.g. Web of Science, Scopus or other citation indexing services, unless records can be matched via DOIs.</cmd:KnownUnsafeDatasetsDataTypes></cmd:UseWithOtherData><cmd:UseInMLOrAISystems><cmd:datasetUses>Training </cmd:datasetUses><cmd:notableFeatures>The order in which the citation contexts were annotated is not random, but in the order in which they appeared in the citing papers. This means for some papers all citation contexts have been annotated, for most others, none of the contexts has been annotated. It is possible to compare papers that are fully annotated. </cmd:notableFeatures><cmd:usageGuidelines>A good source on understanding the nature of this data is the website of the Workshop on Mining Scientific Publications 2020: https://wosp.core.ac.uk/jcdl2020/index.html#introduction</cmd:usageGuidelines><cmd:dataSplits>The order in which the citation contexts were annotated is not random, but in the order in which they appeared in the citing papers. For train/validate/test splits, it is best to assign contexts randomly over the three splits. </cmd:dataSplits></cmd:UseInMLOrAISystems><cmd:Sampling><cmd:safetyLevel>Conditionally safe to sample</cmd:safetyLevel><cmd:acceptableSamplingMethods>Random Sampling</cmd:acceptableSamplingMethods><cmd:bestPractices>The order in which the citation contexts were annotated is not random, but in the order in which they appeared in the citing papers. It is possible to sample randomly from the entire dataset, or from each paper, or to focus specifically on context e.g. early or late in the paper. </cmd:bestPractices><cmd:risksAndMitigations>Not all citation contexts that were extracted from the citing papers have been annotated, so the dataset does not give a full view of citation motivations of CHIIR papers. It is not clear how this affects the representation of cited CHIIR papers. </cmd:risksAndMitigations></cmd:Sampling></cmd:Uses><cmd:HumanPerspective><cmd:HumanAnnotators><cmd:annotatorDescription>Master students of Information Science</cmd:annotatorDescription><cmd:AnnotationType><cmd:taskType>text annotation</cmd:taskType><cmd:numberOfUniqueAnnotators>2</cmd:numberOfUniqueAnnotators><cmd:avgannotations>730</cmd:avgannotations><cmd:expertiseOfAnnotators>information science, bibliometrics</cmd:expertiseOfAnnotators><cmd:descriptionOfAnnotators>The two annotators were master students of a master on Information Science. </cmd:descriptionOfAnnotators><cmd:compensation>The work was conducted as part of a formal internship for which they received Education Credits (as part of the European Credit Transfer and Accumulation System, ECTS).</cmd:compensation><cmd:languageDistributionOfAnnotators>Non-native speakers of English</cmd:languageDistributionOfAnnotators><cmd:geographicDistributionOfAnnotators>100% resided in Berlin, Germany at the time.</cmd:geographicDistributionOfAnnotators><cmd:summaryOfAnnotationInstructions>Annotators were instructed to annotate each citation context with all matching categories. The annotators initially used the sentence within which the citation occurs as the justification for the categorisation. For 214 citations, the citation sentence did not provide enough context and for these the annotators also considered the sentences before and after the citation sentence. For each citation context, the annotators were asked to indicate their confidence as low, middle or high.</cmd:summaryOfAnnotationInstructions><cmd:annotationPlatforms>Google sheets</cmd:annotationPlatforms><cmd:additionalNotes>The annotators were instructed trained by two of the authors and could ask the authors for feedback in case of uncertainties. </cmd:additionalNotes></cmd:AnnotationType></cmd:HumanAnnotators></cmd:HumanPerspective></cmd:DataEnvelope></cmd:Components></cmd:CMD>
