<?xml version="1.0" encoding="UTF-8"?>
<cmd:CMD xmlns:xsi="http://www.w3.org/2001/XMLSchema-instance" xmlns:cmd="http://www.clarin.eu/cmd/" xsi:schemaLocation="http://www.clarin.eu/cmd/ http://catalog.clarin.eu/ds/ComponentRegistry/rest/registry/profiles/clarin.eu:cr1:p_1708423613599/xsd" CMDVersion="1.1"><cmd:Header><cmd:MdCreator>test</cmd:MdCreator><cmd:MdCreationDate>2024-07-08</cmd:MdCreationDate><cmd:MdSelfLink>unl://3</cmd:MdSelfLink><cmd:MdProfile>clarin.eu:cr1:p_1708423613607</cmd:MdProfile></cmd:Header><cmd:Resources><cmd:ResourceProxyList/><cmd:JournalFileProxyList/><cmd:ResourceRelationList/><cmd:IsPartOfList/></cmd:Resources><cmd:Components><cmd:DataEnvelope><cmd:BasicInformation><cmd:title xml:lang="none">Weights and Measures Dataset Version 1 Data-Envelope 1</cmd:title><cmd:ContactDetails><cmd:name>Brecht Nijman</cmd:name><cmd:orcidID>0000-0002-4161-1030</cmd:orcidID><cmd:roleInProject>Conceptualization</cmd:roleInProject><cmd:roleInProject>Investigation</cmd:roleInProject><cmd:roleInProject>Methodology</cmd:roleInProject></cmd:ContactDetails><cmd:Dates><cmd:creationDateFrom>2024-03-13</cmd:creationDateFrom></cmd:Dates></cmd:BasicInformation><cmd:BasicMetadata><cmd:Snapshot><cmd:title xml:lang="none">Weights and Measures Dataset</cmd:title><cmd:version>1</cmd:version><cmd:description>This dataset was made to provide information on weights and measures used by the Dutch East India Company (Vereenigde Oost-Indische Compagnie or VOC). The dataset is meant to be integrated into the GLOBALISE project as a whole, to serve as reference data for annotation of named entities, and to be used in future query expansion in the archives of the VOC. This dataset consists of data on weights and measures which were used by the VOC. It contextualizes units of weight and measure which were drawn from the eighteenth century work, the Memoriën van Munten, Maaten, en Gewigten als dezelve op Batavia en op de respective Comptoiren van Indië in gebruik zijn. The dataset consists of three different files: 
File 1: a glossary of weights and measures
File 2: labels for weights and measures
File 3: conversions drawn from the Memoriën. 
</cmd:description><cmd:topic>History, other</cmd:topic><cmd:topic>Cultural history</cmd:topic><cmd:languages>en, nl</cmd:languages><cmd:GeographicalCoverage>Parts of Indonesia, Sri Lanka, Malaysia, China, India, Yemen, Japan</cmd:GeographicalCoverage></cmd:Snapshot><cmd:versionMaintenance><cmd:version><cmd:currentVersion>1</cmd:currentVersion></cmd:version><cmd:maintenance><cmd:maintenanceStatus>Regularly maintained</cmd:maintenanceStatus></cmd:maintenance><cmd:maintenancePlan><cmd:updates>There are four areas in which the dataset will be improved for the next version. (1) Standardization of terms for commodities and locations (2) Adding of new definitions (3) Enriching conversions with other archival material and (4) Adding new units from secondary sources. See the documentation for more information about the proposed updates.  Standardization 1. 	We will add URI’s for commodities 2. 	We will standardize locations and add location ID’s   Definitions 1. 	We will add definitions from the Woordenboek der Nederlandsche Taal 2. 	We will add definitions from secondary literature for non-European weights and measures, from sources which are concerned with Asia 3. 	We will create our own GLOBALISE definitions, based on the conversions from the first version of the dataset   Poolparty 1. 	We will add all the units from the VOC Glossary and the Boekhouder Generaal Batavia, including definitions and alternative labels   Enrichment 1. 	We will add further conversions from primary material. Possibilities for this are lists from the archive from the 17th Century.</cmd:updates><cmd:feedback>During the duration of the GLOBALISE project (2022-2026), the dataset creators can be contacted via the Dataverse contact form or the GLOBALISE contact form (https://globalise.huygens.knaw.nl/contact-us/). After the end of the project, the Dataverse contact form will refer to the data department of the International Institute of Social History.</cmd:feedback></cmd:maintenancePlan><cmd:nextUpdate><cmd:versionAffected>1.0</cmd:versionAffected><cmd:nextVersion>1.1</cmd:nextVersion></cmd:nextUpdate></cmd:versionMaintenance></cmd:BasicMetadata><cmd:Data><cmd:DataResourceDescription><cmd:nameOfResource>Glossary of weights and measures</cmd:nameOfResource><cmd:Description>The Glossary lists all units which feature in the Memoriën and, where possible, offers a maximum of two definitions for them. </cmd:Description><cmd:language>nl, en</cmd:language><cmd:encoding>UTF-8</cmd:encoding><cmd:dataSubjects><cmd:Subjects>Others</cmd:Subjects><cmd:other>Weights and Measures</cmd:other></cmd:dataSubjects><cmd:dataModality><cmd:modality>Text Data</cmd:modality></cmd:dataModality><cmd:descriptiveStatistics><cmd:statistics>Data Fields Summary: To be added!</cmd:statistics></cmd:descriptiveStatistics></cmd:DataResourceDescription><cmd:dataFields><cmd:dataField><cmd:dataFieldName>Unit_ID</cmd:dataFieldName><cmd:dataFieldType>String</cmd:dataFieldType><cmd:descriptionField>The unique identifier for a specific unit. </cmd:descriptionField><cmd:sensitivity>No</cmd:sensitivity><cmd:usedVocabularies><cmd:vocabulary>The field Type uses a controlled vocabulary which describes the type of weights and measures. Read further about the controlled vocabulary used in this dataset in the Documentation.</cmd:vocabulary><cmd:vocabularyLink>Dataset Documentation Link to be provided.</cmd:vocabularyLink></cmd:usedVocabularies></cmd:dataField><cmd:dataField><cmd:dataFieldName>_name</cmd:dataFieldName><cmd:dataFieldType>string </cmd:dataFieldType><cmd:descriptionField>The name for a unit, corresponds with the preferred label in the ‘Labels’ sheet

</cmd:descriptionField><cmd:sensitivity>No</cmd:sensitivity></cmd:dataField><cmd:dataField><cmd:dataFieldName>Type</cmd:dataFieldName><cmd:dataFieldType>string</cmd:dataFieldType><cmd:descriptionField>A unit type refers to the physical characteristics which are measured by a certain unit,  such as weight, volume or length.</cmd:descriptionField><cmd:sensitivity>No</cmd:sensitivity></cmd:dataField><cmd:dataField><cmd:dataFieldName>definition_nl_1</cmd:dataFieldName><cmd:dataFieldType>string</cmd:dataFieldType><cmd:descriptionField>First definition for this unit, cited from the source in Dutch. 

</cmd:descriptionField><cmd:sensitivity>No</cmd:sensitivity></cmd:dataField><cmd:dataField><cmd:dataFieldName>definition_en_1</cmd:dataFieldName><cmd:dataFieldType>string</cmd:dataFieldType><cmd:descriptionField>First definition for this unit, cited from the source in English.

</cmd:descriptionField><cmd:sensitivity>No</cmd:sensitivity></cmd:dataField><cmd:dataField><cmd:dataFieldName>definition_source_1</cmd:dataFieldName><cmd:dataFieldType>string</cmd:dataFieldType><cmd:descriptionField>A Zotero-URI linking to the source used for defining the concept.</cmd:descriptionField><cmd:sensitivity>No</cmd:sensitivity></cmd:dataField><cmd:dataField><cmd:dataFieldName>definition_source_page_1</cmd:dataFieldName><cmd:dataFieldType>string</cmd:dataFieldType><cmd:descriptionField>Indicates the pages in the source where the definition was drawn from.</cmd:descriptionField><cmd:sensitivity>No</cmd:sensitivity></cmd:dataField><cmd:dataField><cmd:dataFieldName>definition_nl_2</cmd:dataFieldName><cmd:dataFieldType>string</cmd:dataFieldType><cmd:descriptionField>Second definition for this unit, cited from the source in Dutch.

</cmd:descriptionField><cmd:sensitivity>No</cmd:sensitivity></cmd:dataField><cmd:dataField><cmd:dataFieldName>definition_en_2</cmd:dataFieldName><cmd:dataFieldType>string</cmd:dataFieldType><cmd:descriptionField>Second definition for this unit, cited from the source in English.</cmd:descriptionField><cmd:sensitivity>No</cmd:sensitivity></cmd:dataField><cmd:dataField><cmd:dataFieldName>definition_source_2</cmd:dataFieldName><cmd:dataFieldType>string</cmd:dataFieldType><cmd:descriptionField>A Zotero-URI linking to the source used for defining the concept</cmd:descriptionField><cmd:sensitivity>No</cmd:sensitivity></cmd:dataField><cmd:dataField><cmd:dataFieldName>definition_source_page_2</cmd:dataFieldName><cmd:dataFieldType>string</cmd:dataFieldType><cmd:descriptionField>A Zotero-URI linking to the source used for defining the concept 

</cmd:descriptionField><cmd:sensitivity>No</cmd:sensitivity></cmd:dataField><cmd:dataField><cmd:dataFieldName>definition_source_page_2</cmd:dataFieldName><cmd:dataFieldType>string</cmd:dataFieldType><cmd:descriptionField>Indicates the pages in the source where the definition was drawn from 

</cmd:descriptionField><cmd:sensitivity>No</cmd:sensitivity></cmd:dataField><cmd:dataField><cmd:dataFieldName>Scope</cmd:dataFieldName><cmd:dataFieldType>String</cmd:dataFieldType><cmd:descriptionField>The source where the unit was drawn from</cmd:descriptionField><cmd:sensitivity>No</cmd:sensitivity></cmd:dataField><cmd:dataField><cmd:dataFieldName>Scope_page</cmd:dataFieldName><cmd:dataFieldType>string</cmd:dataFieldType><cmd:descriptionField>Indicates the page in the source where the unit was drawn from.</cmd:descriptionField></cmd:dataField></cmd:dataFields><cmd:dataExamples><cmd:typicalExample><cmd:description>See row 1, Unit ID SU_003</cmd:description></cmd:typicalExample><cmd:atypicalExample><cmd:atypdescription>There are no atypical data points in this resource. 
</cmd:atypdescription></cmd:atypicalExample></cmd:dataExamples><cmd:externalResources><cmd:resources>Yes</cmd:resources></cmd:externalResources><cmd:socialImpact><cmd:safety><cmd:disclaimer>No</cmd:disclaimer></cmd:safety><cmd:confidentiality><cmd:confidentialityBin>No</cmd:confidentialityBin></cmd:confidentiality><cmd:biases><cmd:sensAttributes><cmd:sensitiveAttribute>None</cmd:sensitiveAttribute></cmd:sensAttributes></cmd:biases><cmd:ethicalReview><cmd:review>No</cmd:review></cmd:ethicalReview></cmd:socialImpact><cmd:dataProvenance><cmd:Name>Memoriën van Munten, Maaten, en Gewigten als dezelve op Batavia en op de respective Comptoiren van Indië in gebruik zijn</cmd:Name><cmd:path>https://books.google.nl/books?vid=KBNL:UBA000105736</cmd:path><cmd:creatorName>VOC personnel</cmd:creatorName><cmd:creatorOrganisation>VOC</cmd:creatorOrganisation><cmd:language>nl</cmd:language><cmd:dataSelection>The dataset is based on the Memorien, an eighteenth century collection of sources which lists units of weight and measure used in many of the Company’s settlements in Asia and more importantly bears information about how one unit converts to another. This is a source which has not been used extensively by historians, so it offers new insights and can have exponential value in research that seeks to identify specific units and how they relate to others in the period. </cmd:dataSelection></cmd:dataProvenance><cmd:dataProvenance><cmd:Name>VOC Glossarium</cmd:Name><cmd:path>https://resources.huygens.knaw.nl/vocglossarium</cmd:path><cmd:description>Glossary of terms relating to the Dutch East-India Company (VOC) that were selected from the series entitled Rijks Geschiedkundige Publicatiën.
</cmd:description><cmd:creatorName>Marc Kooijmans</cmd:creatorName><cmd:creatorName>Judith Schooneveld-Oosterling</cmd:creatorName><cmd:yearPublication>2000</cmd:yearPublication><cmd:language>nl</cmd:language></cmd:dataProvenance><cmd:dataProvenance><cmd:Name>VOC-Glossary Indonesia</cmd:Name><cmd:path>https://sejarah-nusantara.anri.go.id/glossary/</cmd:path><cmd:description>A list of terms found in the marginalia of the VOC Archive Series of the Daily Journals of the Castle of Batavia. </cmd:description><cmd:creatorName>Dr. Mona Lohanda</cmd:creatorName><cmd:creatorName>Mr. Marco Roling</cmd:creatorName><cmd:creatorName>Dr. Tom Hoogervorst</cmd:creatorName><cmd:creatorName>Mrs. Nurhayu Santoso</cmd:creatorName><cmd:creatorOrganisation>ANRI</cmd:creatorOrganisation><cmd:creatorOrganisation>KITLV Leiden</cmd:creatorOrganisation><cmd:creatorOrganisation>Corts Foundation</cmd:creatorOrganisation></cmd:dataProvenance></cmd:Data><cmd:Uses><cmd:purposes>Research</cmd:purposes><cmd:domains>History</cmd:domains><cmd:motivation>This dataset was made to provide information on weights and measures used by the Dutch East India Company (Vereenigde Oost-Indische Compagnie or VOC). The dataset is meant to be integrated into the GLOBALISE project as a whole, to serve as reference data for annotation of named entities, and to be used in future query expansion in the archives of the VOC.
</cmd:motivation><cmd:UseWithOtherData><cmd:SafetyLevel>Unknown - then skip the rest of this subsection</cmd:SafetyLevel></cmd:UseWithOtherData></cmd:Uses></cmd:DataEnvelope></cmd:Components></cmd:CMD>
