<?xml version="1.0" encoding="UTF-8"?>
<cmd:CMD xmlns:xsi="http://www.w3.org/2001/XMLSchema-instance" xmlns:cmd="http://www.clarin.eu/cmd/" xsi:schemaLocation="http://www.clarin.eu/cmd/ http://catalog.clarin.eu/ds/ComponentRegistry/rest/registry/profiles/clarin.eu:cr1:p_1708423613599/xsd" CMDVersion="1.1"><cmd:Header><cmd:MdCreator>dataEnv</cmd:MdCreator><cmd:MdCreationDate>2024-07-12</cmd:MdCreationDate><cmd:MdSelfLink>unl://20</cmd:MdSelfLink><cmd:MdProfile>clarin.eu:cr1:p_1708423613607</cmd:MdProfile></cmd:Header><cmd:Resources><cmd:ResourceProxyList/><cmd:JournalFileProxyList/><cmd:ResourceRelationList/><cmd:IsPartOfList/></cmd:Resources><cmd:Components><cmd:DataEnvelope><cmd:BasicInformation><cmd:title xml:lang="none">The Mondrian Papers Version-0.1 Data-Envelope Version-1.0</cmd:title><cmd:Dates><cmd:creationDateFrom>2024-07-11</cmd:creationDateFrom></cmd:Dates><cmd:authorDataEnvelope><cmd:name>Beatrice Nava</cmd:name><cmd:email>beatrice.nava@huygens.knaw.nl</cmd:email></cmd:authorDataEnvelope><cmd:feedbackElaboration><cmd:feedbackSectionOne> </cmd:feedbackSectionOne></cmd:feedbackElaboration></cmd:BasicInformation><cmd:BasicMetadata><cmd:Snapshot><cmd:title xml:lang="none">The Mondrian Papers </cmd:title><cmd:version>1.0</cmd:version><cmd:description>The Mondrian Papers is a scholarly digital edition of the correspondence and theoretical writings of the Dutch artist Piet Mondrian (1872-1944), developed in cooperation with the Netherlands Institute for Art History (RKD), The Hague. 
The edition consists of digital facsimiles end XML/TEI based transcriptions, English translations and critical annotations of the letters and wirings. Entities such as mentioned people and artworks are tagged, described and linked to the RKD archive for further information. 
The edition aims to be an aid to research into Mondrian's life and work and his living and working environment. 
The edition is a work in progress and will be published in parts. Currently available materials cover letters from 28 February 1892 to 20 June 1919 and three texts Mondrian (co-)published in the journal De Stijl between 1917 and 1919.</cmd:description><cmd:genre>Letters</cmd:genre><cmd:genre>Theoretical writings</cmd:genre><cmd:topic>Art and architecture</cmd:topic><cmd:topic>Aesthetics, philosophy of art</cmd:topic><cmd:languages>English</cmd:languages><cmd:languageOther>Dutch</cmd:languageOther><cmd:GeographicalCoverage>The Netherlands </cmd:GeographicalCoverage><cmd:TemporalCoverage><cmd:yearFrom>28 February 1892 </cmd:yearFrom><cmd:yearTo>20 June 1919</cmd:yearTo><cmd:additionalNotes>This temporal scope refers to the currently published materials, but it will eventually include the entire author's lifespan.</cmd:additionalNotes></cmd:TemporalCoverage></cmd:Snapshot><cmd:Dates><cmd:datasetPublicationDate>12 March 2024</cmd:datasetPublicationDate></cmd:Dates><cmd:CreatorsContributors><cmd:publishingOrganisation><cmd:Name>RKD – Netherlands Institute for Art History</cmd:Name><cmd:ROR> https://ror.org/049p9kt19</cmd:ROR><cmd:type>Academic/Research Insitution</cmd:type><cmd:other>Archive</cmd:other></cmd:publishingOrganisation><cmd:publishingOrganisation><cmd:Name>Huygens Institute for History and Culture of the Netherlands</cmd:Name><cmd:ROR>https://ror.org/04x6kq749</cmd:ROR><cmd:type>Academic/Research Insitution</cmd:type></cmd:publishingOrganisation><cmd:Creators><cmd:Name>Wietse Coppes</cmd:Name><cmd:Organisation>RKD – Netherlands Institute for Art History</cmd:Organisation><cmd:ROR> https://ror.org/049p9kt19</cmd:ROR><cmd:Role>Conceptualisation</cmd:Role><cmd:Role>Writing - review and editing</cmd:Role><cmd:Role>Writing - original draft</cmd:Role><cmd:email>coppes@rkd.nl</cmd:email></cmd:Creators><cmd:Creators><cmd:Name>Leo Jansen</cmd:Name><cmd:Organisation>Huygens Institute for History and Culture of the Netherlands</cmd:Organisation><cmd:ROR>https://ror.org/04x6kq749</cmd:ROR><cmd:Role>Conceptualisation</cmd:Role><cmd:Role>Writing - review and editing</cmd:Role><cmd:Role>Writing - original draft</cmd:Role><cmd:email>leo.jansen@huygens.knaw.nl</cmd:email></cmd:Creators><cmd:funding><cmd:name>Huygens Institute for History and Culture of the Netherlands</cmd:name></cmd:funding><cmd:funding><cmd:name>RKD – Netherlands Institute for Art History</cmd:name></cmd:funding><cmd:funding><cmd:name>External funding</cmd:name><cmd:summary>het Cultuurfonds, Stchting Dioraphte, Fonds 21, Gieskes-Strijbis Fonds, International Music and Art Foundation, Jaap Harten Fund, Stichting Virtutis Opus</cmd:summary><cmd:link>https://mondrianpapers.org/index.php/organisation-2/</cmd:link></cmd:funding></cmd:CreatorsContributors><cmd:distribution><cmd:repository>https://mondrianpapers.org/</cmd:repository></cmd:distribution><cmd:accessLicenses><cmd:access><cmd:accessLevel>Restricted Access</cmd:accessLevel><cmd:accessRestricted><cmd:description>The edition is accessible, but the XML TEI data currently is not downloadable</cmd:description></cmd:accessRestricted></cmd:access></cmd:accessLicenses></cmd:BasicMetadata><cmd:Data><cmd:DataResourceDescription><cmd:dataSubjects><cmd:Subjects>Sensitive data about people</cmd:Subjects><cmd:Subjects>Data about places and object</cmd:Subjects></cmd:dataSubjects><cmd:dataModality><cmd:modality>Image Data</cmd:modality><cmd:modality>Text Data</cmd:modality></cmd:dataModality></cmd:DataResourceDescription><cmd:dataFields><cmd:dataField><cmd:usedVocabularies><cmd:vocabulary>TEI </cmd:vocabulary><cmd:vocabularyLink>https://tei-c.org/guidelines/</cmd:vocabularyLink></cmd:usedVocabularies></cmd:dataField></cmd:dataFields><cmd:externalResources><cmd:resources>Yes</cmd:resources><cmd:extResources>RKD Research (Netherlands Institute for Art History)</cmd:extResources><cmd:extResources>https://research.rkd.nl/en</cmd:extResources></cmd:externalResources><cmd:annotations><cmd:annotationCharacteristics><cmd:annotationWorkforceType>Human Annotations (Expert, Employees)</cmd:annotationWorkforceType><cmd:description>XML TEI annotation </cmd:description></cmd:annotationCharacteristics><cmd:annotationCharacteristics><cmd:annotationWorkforceType>Human Annotations (Non-expert, Contractors)</cmd:annotationWorkforceType><cmd:description>XML TEI annotation </cmd:description></cmd:annotationCharacteristics></cmd:annotations><cmd:socialImpact><cmd:safety><cmd:disclaimer>No</cmd:disclaimer></cmd:safety><cmd:confidentiality><cmd:confidentialityBin>No</cmd:confidentialityBin></cmd:confidentiality><cmd:ethicalReview><cmd:review>No</cmd:review></cmd:ethicalReview></cmd:socialImpact></cmd:Data><cmd:Uses><cmd:purposes>Research</cmd:purposes><cmd:domains>Art history</cmd:domains><cmd:domains>Cultural history</cmd:domains><cmd:domains>Arts</cmd:domains><cmd:domains>History of literature </cmd:domains><cmd:motivation>The Mondrian Papers aims to fill a gap in (art) historical knowledge about Piet Mondrian and contemporaries. Not before have all the letters by and to Mondrian been published. A small number of editions of individual correspondences is available, only a few dozen out of more than 1,700, moreover, many of them, are published only in Dutch. In the Mondrian Edition Project, all letters will be published in the source language (Dutch, French, English and a few in German) and, if missing, will be provided with an English translation. The edition provides a new and complete picture of Piet Mondrian's views, personality and network.</cmd:motivation><cmd:Use><cmd:datasetUse>Safe for research use</cmd:datasetUse></cmd:Use></cmd:Uses><cmd:HumanPerspective><cmd:HumanAnnotators><cmd:annotatorDescription>Researchers employed both ay Huygens and at RKD</cmd:annotatorDescription><cmd:annotatorDescription>Student assistants</cmd:annotatorDescription></cmd:HumanAnnotators></cmd:HumanPerspective></cmd:DataEnvelope></cmd:Components></cmd:CMD>
